,,,,,,,,,,,,,,,,,,,,,,,,,,,
Date,Description,Money In,Ccy,Money Out,Ccy,Balance,Ccy,,,,,,,,,,,,,,,,,,,,
"Jun 01, 2026","PAYMENT TO Smart Mobile (PIN-less) 0968593594 ORIGINAL AMOUNT 6.00 USD REF# 100FT37855292025 EXT# 2398482622 ON Jun 01, 2026 11:14 AM REMARK:   ",0.00,,6.00,USD,"48,751.20",USD,,,,,,,,,,,,,,,,,,,,
"Jun 01, 2026","PURCHASE AT VONG THARY ON Jun 01, 2026 12:25 PM  ORIGINAL AMOUNT 2.00 USD  REMARK: NONUNICODE-     REF# 100FT37856123888 PURCHASE#  178029151949864 APV 848858",0.00,,2.00,USD,"48,749.20",USD,,,,,,,,,,,,,,,,,,,,
"Jun 01, 2026","PURCHASE AT Grab PHNOM PENH-ON-703188320-481222-AM300526 CAMBODIA BY ISLAS MARTIN ALEJAN CARD# xxxxxxxxxxxx9858 ABOA MASTERCARD ON CAMBODIA TIME May 30, 2026 7:17 PM ORIGINAL AMOUNT 9,600.00 KHR AUTHORIZATION CODE# APV-732301 RRN# 1499682089 @CYBS_TRN",0.00,,2.40,USD,"48,746.80",USD,,,,,,,,,,,,,,,,,,,,
"Jun 01, 2026","PURCHASE AT Grab PHNOM PENH-ON-703193965-481222-AM300526 CAMBODIA BY ISLAS MARTIN ALEJAN CARD# xxxxxxxxxxxx9858 ABOA MASTERCARD ON CAMBODIA TIME May 30, 2026 10:48 PM ORIGINAL AMOUNT 9,800.00 KHR AUTHORIZATION CODE# APV-028808 RRN# 1499807942 @CYBS_TRN",0.00,,2.45,USD,"48,744.35",USD,,,,,,,,,,,,,,,,,,,,
"Jun 01, 2026","PURCHASE AT Grab PHNOM PENH-ON-703465257-481222-AM310526 CAMBODIA BY ISLAS MARTIN ALEJAN CARD# xxxxxxxxxxxx9858 ABOA MASTERCARD ON CAMBODIA TIME May 31, 2026 6:23 PM ORIGINAL AMOUNT 7,800.00 KHR AUTHORIZATION CODE# APV-729049 RRN# 1500401314 @CYBS_TRN",0.00,,1.95,USD,"48,742.40",USD,,,,,,,,,,,,,,,,,,,,
"Jun 01, 2026","PURCHASE AT Grab PHNOM PENH-ON-703490653-481222-AM310526 CAMBODIA BY ISLAS MARTIN ALEJAN CARD# xxxxxxxxxxxx9858 ABOA MASTERCARD ON CAMBODIA TIME May 31, 2026 2:1 AM ORIGINAL AMOUNT 10,300.00 KHR AUTHORIZATION CODE# APV-188893 RRN# 1499876822 @CYBS_TRN",0.00,,2.57,USD,"48,739.83",USD,,,,,,,,,,,,,,,,,,,,
"Jun 02, 2026","PURCHASE AT VONG THARY ON Jun 02, 2026 08:10 AM  ORIGINAL AMOUNT 1.00 USD  REMARK: NONUNICODE-     REF# 100FT37864358748 PURCHASE#  178036264462471 APV 831841",0.00,,1.00,USD,"48,738.83",USD,,,,,,,,,,,,,,,,,,,,
"Jun 02, 2026","PURCHASE AT LEGGETT GRAHAM MURRAY ON Jun 02, 2026 01:35 PM BANK Woori Bank (Cambodia) Plc. ORIGINAL AMOUNT 7.50 USD  REF# 100FT37867613191 BAKONG# bea28890 REMARK: NONUNICODE-    ",0.00,,7.50,USD,"48,731.33",USD,,,,,,,,,,,,,,,,,,,,
"Jun 02, 2026","PURCHASE AT TANN SOKHA ON Jun 02, 2026 01:44 PM  ORIGINAL AMOUNT 3.00 USD  REMARK: NONUNICODE-     REF# 100FT37867695111 PURCHASE#  178038264678985 APV 491415",0.00,,3.00,USD,"48,728.33",USD,,,,,,,,,,,,,,,,,,,,
"Jun 02, 2026","PURCHASE AT world.taobao.com,RUE D Luxembourg-No:703486066-M310526 LUXEMBOURG BY ISLAS MARTIN ALEJANDRO CARD# 516717xxxxxx9858 Mastercard ON CAMBODIA TIME 31-MAY-26 ORIGINAL AMOUNT 9.82 USD AUTHORIZATION CODE# APV-542847 RRN# 1500360848 @CYBS_TRN",0.00,,9.82,USD,"48,718.51",USD,,,,,,,,,,,,,,,,,,,,
"Jun 02, 2026","PURCHASE AT world.taobao.com,RUE D LUXEMBOURG-No:703486343-M310526 LUXEMBOURG BY ISLAS MARTIN ALEJANDRO CARD# 516717xxxxxx9858 Mastercard ON CAMBODIA TIME 31-MAY-26 ORIGINAL AMOUNT 22.33 USD AUTHORIZATION CODE# APV-105271 RRN# 1500259996 @CYBS_TRN",0.00,,22.33,USD,"48,696.18",USD,,,,,,,,,,,,,,,,,,,,
"Jun 02, 2026","FUNDS TRANSFERRED TO MEIN ROBERT ALASTAIR AND MIDDLETON RICHARD WALDEMAR 011313334 ORIGINAL AMOUNT 1.00 USD REF# 100FT37872640578 ON Jun 02, 2026 09:03 PM REMARK: NONUNICODE-      ",0.00,,1.00,USD,"48,695.18",USD,,,,,,,,,,,,,,,,,,,,
"Jun 02, 2026","PURCHASE AT SIENG PHALLA ON Jun 02, 2026 09:05 PM BANK LOLC (Cambodia) Plc. ORIGINAL AMOUNT 1,000.00 KHR  REF# 100FT37872655777 BAKONG# da323397 REMARK: NONUNICODE-    ",0.00,,0.25,USD,"48,694.93",USD,,,,,,,,,,,,,,,,,,,,
"Jun 02, 2026","PURCHASE AT The Deck TTP by T.M ON Jun 02, 2026 09:18 PM  ORIGINAL AMOUNT 3.00 USD  REMARK: NONUNICODE-     REF# 100FT37872750681 PURCHASE#  178040990372196 APV 365327",0.00,,3.00,USD,"48,691.93",USD,,,,,,,,,,,,,,,,,,,,
"Jun 02, 2026","PURCHASE AT The Deck TTP by T.M ON Jun 02, 2026 10:14 PM  ORIGINAL AMOUNT 6.00 USD  REMARK: NONUNICODE-     REF# 100FT37873068772 PURCHASE#  178041329777158 APV 478284",0.00,,6.00,USD,"48,685.93",USD,,,,,,,,,,,,,,,,,,,,
"Jun 03, 2026","FUNDS TRANSFERRED TO SCHAAF JR ALBERT LAWRENCE AND POEUN SITHA 014388054 ORIGINAL AMOUNT 5.75 USD REF# 100FT37877253587 ON Jun 03, 2026 12:26 PM REMARK: NONUNICODE-      ",0.00,,5.75,USD,"48,680.18",USD,,,,,,,,,,,,,,,,,,,,
"Jun 03, 2026","PURCHASE AT YON VANNA ON Jun 03, 2026 12:47 PM  ORIGINAL AMOUNT 1.75 USD  REMARK: NONUNICODE-     REF# 100FT37877456087 PURCHASE#  178046562012176 APV 781367",0.00,,1.75,USD,"48,678.43",USD,,,,,,,,,,,,,,,,,,,,
"Jun 03, 2026","PURCHASE AT MINI BIG C P KANDAL(SH03) ON Jun 03, 2026 12:50 PM BANK ACLEDA Bank Plc. ORIGINAL AMOUNT 2.78 USD  REF# 100FT37877486007 BAKONG# de647687 REMARK: NONUNICODE-    ",0.00,,2.78,USD,"48,675.65",USD,,,,,,,,,,,,,,,,,,,,
"Jun 03, 2026","PURCHASE AT SITHAN MANITA ON Jun 03, 2026 05:50 PM BANK ACLEDA Bank Plc. ORIGINAL AMOUNT 7,500.00 KHR  REF# 100FT37880697917 BAKONG# 440e6344 REMARK: NONUNICODE-    ",0.00,,1.88,USD,"48,673.77",USD,,,,,,,,,,,,,,,,,,,,
"Jun 03, 2026","PURCHASE AT GOOGLE *Google One,160 MOUNTAIN VIEW-No:704542030-M020626 UNITED STATES BY ISLAS MARTIN ALEJANDRO CARD# 516717xxxxxx9858 Mastercard ON CAMBODIA TIME 31-MAY-26 ORIGINAL AMOUNT 3.29 USD AUTHORIZATION CODE# APV-318156 RRN# 1500493757 @CYBS_TRN",0.00,,3.29,USD,"48,670.48",USD,,,,,,,,,,,,,,,,,,,,
"Jun 03, 2026","FUNDS TRANSFERRED TO HAJNER LASZLO CSABA 000266582 ORIGINAL AMOUNT 10.00 USD REF# 100FT37882390550 ON Jun 03, 2026 08:10 PM REMARK: NONUNICODE-      ",0.00,,10.00,USD,"48,660.48",USD,,,,,,,,,,,,,,,,,,,,
"Jun 04, 2026","FUNDS TRANSFERRED TO HONG SOKUN 013238910 ORIGINAL AMOUNT 326.00 USD REF# 100FT37887370730 ON Jun 04, 2026 12:22 PM REMARK: NONUNICODE-      ",0.00,,326.00,USD,"48,334.48",USD,,,,,,,,,,,,,,,,,,,,
"Jun 04, 2026","PURCHASE AT LEGGETT GRAHAM MURRAY ON Jun 04, 2026 01:19 PM BANK Woori Bank (Cambodia) Plc. ORIGINAL AMOUNT 7.50 USD  REF# 100FT37887935280 BAKONG# 8939b14a REMARK: NONUNICODE-    ",0.00,,7.50,USD,"48,326.98",USD,,,,,,,,,,,,,,,,,,,,
"Jun 04, 2026","PURCHASE AT The Box Office ON Jun 04, 2026 01:55 PM PURCHASE# 130894 APV 385250 ORIGINAL AMOUNT 15.00 USD REF# 100FT37888318961",0.00,,15.00,USD,"48,311.98",USD,,,,,,,,,,,,,,,,,,,,
"Jun 04, 2026","PURCHASE AT SuSu Fitlicious ON Jun 04, 2026 05:33 PM BANK Amret Plc. ORIGINAL AMOUNT 3.90 USD  REF# 100FT37890566131 BAKONG# ea09009f REMARK: NONUNICODE-    ",0.00,,3.90,USD,"48,308.08",USD,,,,,,,,,,,,,,,,,,,,
"Jun 04, 2026","FUNDS TRANSFERRED TO SENG KHIM 010367722 ORIGINAL AMOUNT 0.25 USD REF# 100FT37891004974 ON Jun 04, 2026 06:08 PM REMARK: NONUNICODE-      ",0.00,,0.25,USD,"48,307.83",USD,,,,,,,,,,,,,,,,,,,,
"Jun 05, 2026","PURCHASE AT VONG THARY ON Jun 05, 2026 12:30 PM  ORIGINAL AMOUNT 2.00 USD  REMARK: NONUNICODE-     REF# 100FT37897686583 PURCHASE#  178063744896310 APV 760719",0.00,,2.00,USD,"48,305.83",USD,,,,,,,,,,,,,,,,,,,,
"Jun 05, 2026","PURCHASE AT YON VANNA ON Jun 05, 2026 12:51 PM  ORIGINAL AMOUNT 1.75 USD  REMARK: NONUNICODE-     REF# 100FT37897899383 PURCHASE#  178063870270057 APV 846643",0.00,,1.75,USD,"48,304.08",USD,,,,,,,,,,,,,,,,,,,,
"Jun 05, 2026","PURCHASE AT FOODMATE 1 ON Jun 05, 2026 05:30 PM  ORIGINAL AMOUNT 6.80 USD  REMARK: NONUNICODE-     REF# 100FT37901004196 PURCHASE#  178065542897813 APV 370375",0.00,,6.80,USD,"48,297.28",USD,,,,,,,,,,,,,,,,,,,,
"Jun 05, 2026","PURCHASE AT Grab ON Jun 05, 2026 07:51 PM PURCHASE# 4ce8a067feb8037863c2 APV 129988 ORIGINAL AMOUNT 2.47 USD REF# 100FT37902869666",0.00,,2.47,USD,"48,294.81",USD,,,,,,,,,,,,,,,,,,,,
"Jun 05, 2026","FUNDS RECEIVED FROM PHEUN SOKSERAMUNY (016 075 590) ORIGINAL AMOUNT 2,275.45 USD REF# 100FT37903128945 ON Jun 05, 2026 08:15 PM REMARK: NONUNICODE-2nd ELT May 2026    ","2,275.45",USD,0.00,,"50,570.26",USD,,,,,,,,,,,,,,,,,,,,
"Jun 05, 2026","FUNDS TRANSFERRED TO PHEUN SOKSERAMUNY 016075590 ORIGINAL AMOUNT 2,275.47 USD REF# 100FT37903196735 ON Jun 05, 2026 08:22 PM REMARK: NONUNICODE-      ",0.00,,"2,275.47",USD,"48,294.79",USD,,,,,,,,,,,,,,,,,,,,
"Jun 05, 2026","FUNDS RECEIVED FROM PHEUN SOKSERAMUNY (016 075 590) ORIGINAL AMOUNT 1,019.46 USD REF# 100FT37903228385 ON Jun 05, 2026 08:25 PM REMARK: NONUNICODE-2nd ELT May 2026    ","1,019.46",USD,0.00,,"49,314.25",USD,,,,,,,,,,,,,,,,,,,,
"Jun 05, 2026","FUNDS TRANSFERRED TO YORK BRANDAIS ALEXIS AND HODGKINS COLIN RAIFF AND ELLIS WILLIAM LEWIS AND BLOMBERG MATT DRENNAN 013663616 ORIGINAL AMOUNT 12.00 USD REF# 100FT37903671460 ON Jun 05, 2026 09:15 PM REMARK: NONUNICODE-      ",0.00,,12.00,USD,"49,302.25",USD,,,,,,,,,,,,,,,,,,,,
"Jun 05, 2026","FUNDS TRANSFERRED TO YORK BRANDAIS ALEXIS AND HODGKINS COLIN RAIFF AND ELLIS WILLIAM LEWIS AND BLOMBERG MATT DRENNAN 013663616 ORIGINAL AMOUNT 2.00 USD REF# 100FT37903895604 ON Jun 05, 2026 09:43 PM REMARK: NONUNICODE-      ",0.00,,2.00,USD,"49,300.25",USD,,,,,,,,,,,,,,,,,,,,
"Jun 06, 2026","FUNDS TRANSFERRED TO YORK BRANDAIS ALEXIS AND HODGKINS COLIN RAIFF AND ELLIS WILLIAM LEWIS AND BLOMBERG MATT DRENNAN 013663616 ORIGINAL AMOUNT 2.00 USD REF# 100FT37904250213 ON Jun 05, 2026 10:41 PM REMARK: NONUNICODE-      ",0.00,,2.00,USD,"49,298.25",USD,,,,,,,,,,,,,,,,,,,,
"Jun 06, 2026","FUNDS TRANSFERRED TO YORK BRANDAIS ALEXIS AND HODGKINS COLIN RAIFF AND ELLIS WILLIAM LEWIS AND BLOMBERG MATT DRENNAN 013663616 ORIGINAL AMOUNT 2.00 USD REF# 100FT37904361684 ON Jun 05, 2026 11:13 PM REMARK: NONUNICODE-      ",0.00,,2.00,USD,"49,296.25",USD,,,,,,,,,,,,,,,,,,,,
"Jun 06, 2026","FUNDS TRANSFERRED TO YORK BRANDAIS ALEXIS AND HODGKINS COLIN RAIFF AND ELLIS WILLIAM LEWIS AND BLOMBERG MATT DRENNAN 013663616 ORIGINAL AMOUNT 3.25 USD REF# 100FT37904446368 ON Jun 05, 2026 11:42 PM REMARK: NONUNICODE-      ",0.00,,3.25,USD,"49,293.00",USD,,,,,,,,,,,,,,,,,,,,
"Jun 06, 2026","FUNDS TRANSFERRED TO YORK BRANDAIS ALEXIS AND HODGKINS COLIN RAIFF AND ELLIS WILLIAM LEWIS AND BLOMBERG MATT DRENNAN 013663616 ORIGINAL AMOUNT 11.00 USD REF# 100FT37904517960 ON Jun 05, 2026 12:14 AM REMARK: NONUNICODE-      ",0.00,,11.00,USD,"49,282.00",USD,,,,,,,,,,,,,,,,,,,,
"Jun 06, 2026","FUNDS TRANSFERRED TO YORK BRANDAIS ALEXIS AND HODGKINS COLIN RAIFF AND ELLIS WILLIAM LEWIS AND BLOMBERG MATT DRENNAN 013663616 ORIGINAL AMOUNT 2.00 USD REF# 100FT37904541731 ON Jun 05, 2026 12:27 AM REMARK: NONUNICODE-      ",0.00,,2.00,USD,"49,280.00",USD,,,,,,,,,,,,,,,,,,,,
"Jun 06, 2026","FUNDS TRANSFERRED TO YORK BRANDAIS ALEXIS AND HODGKINS COLIN RAIFF AND ELLIS WILLIAM LEWIS AND BLOMBERG MATT DRENNAN 013663616 ORIGINAL AMOUNT 1.25 USD REF# 100FT37904587245 ON Jun 05, 2026 12:54 AM REMARK: NONUNICODE-      ",0.00,,1.25,USD,"49,278.75",USD,,,,,,,,,,,,,,,,,,,,
"Jun 06, 2026","PURCHASE AT BILEN GURDAL ON Jun 06, 2026 01:43 AM  ORIGINAL AMOUNT 3.50 USD  REMARK: NONUNICODE-     REF# 100FT37904653758 PURCHASE#  178068499379877 APV 597259",0.00,,3.50,USD,"49,275.25",USD,,,,,,,,,,,,,,,,,,,,
"Jun 06, 2026","PURCHASE AT Grab ON Jun 06, 2026 02:12 AM PURCHASE# 49a9b0ac9b0aabbe2d25 APV 302716 ORIGINAL AMOUNT 2.77 USD REF# 100FT37904687306",0.00,,2.77,USD,"49,272.48",USD,,,,,,,,,,,,,,,,,,,,
"Jun 06, 2026","PURCHASE AT KUN KIMPOV ON Jun 06, 2026 12:45 PM  ORIGINAL AMOUNT 160.00 USD  REMARK: NONUNICODE-     REF# 100FT37908524902 PURCHASE#  178072470780409 APV 963537",0.00,,160.00,USD,"49,112.48",USD,,,,,,,,,,,,,,,,,,,,
"Jun 06, 2026","PURCHASE AT SMASHED BURGER CO.PP ON Jun 06, 2026 01:11 PM BANK ACLEDA Bank Plc. ORIGINAL AMOUNT 6.95 USD  REF# 100FT37908793283 BAKONG# @BAKONG_TRN_HASH REMARK: NONUNICODE-    ",0.00,,6.95,USD,"49,105.53",USD,,,,,,,,,,,,,,,,,,,,
"Jun 06, 2026","PURCHASE AT Grab ON Jun 06, 2026 03:45 PM PURCHASE# 48eabeb8951e1e296714 APV 101501 ORIGINAL AMOUNT 2.95 USD REF# 100FT37910245484",0.00,,2.95,USD,"49,102.58",USD,,,,,,,,,,,,,,,,,,,,
"Jun 06, 2026","PURCHASE AT Grab ON Jun 06, 2026 05:23 PM PURCHASE# 41aa9b650c11ba42f0f7 APV 144240 ORIGINAL AMOUNT 3.02 USD REF# 100FT37911425487",0.00,,3.02,USD,"49,099.56",USD,,,,,,,,,,,,,,,,,,,,
"Jun 06, 2026","PURCHASE AT Grab ON Jun 06, 2026 06:44 PM PURCHASE# 4070843349e358cd08f8 APV 373956 ORIGINAL AMOUNT 2.80 USD REF# 100FT37912482385",0.00,,2.80,USD,"49,096.76",USD,,,,,,,,,,,,,,,,,,,,
"Jun 06, 2026","PURCHASE AT THAI HUOT SUPERMARKET TK ON Jun 06, 2026 06:56 PM  ORIGINAL AMOUNT 0.74 USD  REMARK: NONUNICODE-     REF# 100FT37912634482 PURCHASE#  178074699516813 APV 831470",0.00,,0.74,USD,"49,096.02",USD,,,,,,,,,,,,,,,,,,,,
"Jun 07, 2026","PURCHASE AT THE BOX OFFICE ON Jun 06, 2026 11:01 PM  ORIGINAL AMOUNT 6.00 USD  REMARK: NONUNICODE-     REF# 100FT37914573680 PURCHASE#  178076171798933 APV 820080",0.00,,6.00,USD,"49,090.02",USD,,,,,,,,,,,,,,,,,,,,
"Jun 07, 2026","PURCHASE AT Grab ON Jun 06, 2026 11:20 PM PURCHASE# 4bfca6aab24dbd3276ee APV 140680 ORIGINAL AMOUNT 2.72 USD REF# 100FT37914635378",0.00,,2.72,USD,"49,087.30",USD,,,,,,,,,,,,,,,,,,,,
"Jun 07, 2026","PURCHASE AT MAKRO SEN SOK ON Jun 07, 2026 12:12 PM  ORIGINAL AMOUNT 11.84 USD  REMARK: NONUNICODE-     REF# 100FT37918212183 PURCHASE#  178080915670307 APV 808722",0.00,,11.84,USD,"49,075.46",USD,,,,,,,,,,,,,,,,,,,,
"Jun 07, 2026","PURCHASE AT TOUCH PISEY ON Jun 07, 2026 12:13 PM  ORIGINAL AMOUNT 0.50 USD  REMARK: NONUNICODE-     REF# 100FT37918224468 PURCHASE#  178080922993652 APV 747837",0.00,,0.50,USD,"49,074.96",USD,,,,,,,,,,,,,,,,,,,,
"Jun 07, 2026","PURCHASE AT TOTAL SEN CHEY 2 B ON Jun 07, 2026 12:42 PM  ORIGINAL AMOUNT 4.30 USD  REMARK: NONUNICODE-     REF# 100FT37918499708 PURCHASE#  178081095471902 APV 745691",0.00,,4.30,USD,"49,070.66",USD,,,,,,,,,,,,,,,,,,,,
"Jun 07, 2026","FUNDS TRANSFERRED TO CHORK VANNAK 004616787 ORIGINAL AMOUNT 15.00 USD REF# 100FT37922261032 ON Jun 07, 2026 06:45 PM REMARK: NONUNICODE-      ",0.00,,15.00,USD,"49,055.66",USD,,,,,,,,,,,,,,,,,,,,
"Jun 07, 2026","PURCHASE AT Bota Massage Steam Sauna  ON Jun 07, 2026 06:59 PM BANK ACLEDA Bank Plc. ORIGINAL AMOUNT 25.00 USD  REF# 100FT37922424934 BAKONG# 0a5fd423 REMARK: NONUNICODE-    ",0.00,,25.00,USD,"49,030.66",USD,,,,,,,,,,,,,,,,,,,,
"Jun 07, 2026","PURCHASE AT SUPER DUPER 05 ON Jun 07, 2026 07:10 PM  ORIGINAL AMOUNT 11.86 USD  REMARK: NONUNICODE-     REF# 100FT37922542928 PURCHASE#  178083421637154 APV 947710",0.00,,11.86,USD,"49,018.80",USD,,,,,,,,,,,,,,,,,,,,
"Jun 08, 2026","FUNDS TRANSFERRED TO KEAY LUKE OLIVER JOHN 002905897 ORIGINAL AMOUNT 55.00 USD REF# 100FT37927858495 ON Jun 08, 2026 11:58 AM REMARK: NONUNICODE-      ",0.00,,55.00,USD,"48,963.80",USD,,,,,,,,,,,,,,,,,,,,
"Jun 08, 2026","PURCHASE AT YON VANNA ON Jun 08, 2026 12:32 PM  ORIGINAL AMOUNT 1.75 USD  REMARK: NONUNICODE-     REF# 100FT37928215483 PURCHASE#  178089672843339 APV 922442",0.00,,1.75,USD,"48,962.05",USD,,,,,,,,,,,,,,,,,,,,
"Jun 08, 2026","FUNDS TRANSFERRED TO CHUM NIMOL 005452967 ORIGINAL AMOUNT 2.50 USD REF# 100FT37928602764 ON Jun 08, 2026 01:08 PM REMARK: NONUNICODE-      ",0.00,,2.50,USD,"48,959.55",USD,,,,,,,,,,,,,,,,,,,,
"Jun 08, 2026","PURCHASE AT VONG THARY ON Jun 08, 2026 02:23 PM  ORIGINAL AMOUNT 2.00 USD  REMARK: NONUNICODE-     REF# 100FT37929371650 PURCHASE#  178090340627969 APV 647805",0.00,,2.00,USD,"48,957.55",USD,,,,,,,,,,,,,,,,,,,,
"Jun 08, 2026","PURCHASE AT CHHMA CATFE ON Jun 08, 2026 02:40 PM  ORIGINAL AMOUNT 27.50 USD  REMARK: NONUNICODE-     REF# 100FT37929555841 PURCHASE#  178090444639908 APV 385103",0.00,,27.50,USD,"48,930.05",USD,,,,,,,,,,,,,,,,,,,,
"Jun 09, 2026","PURCHASE AT VONG THARY ON Jun 09, 2026 11:52 AM  ORIGINAL AMOUNT 2.00 USD  REMARK: NONUNICODE-     REF# 100FT37937994318 PURCHASE#  178098075873797 APV 526089",0.00,,2.00,USD,"48,928.05",USD,,,,,,,,,,,,,,,,,,,,
"Jun 09, 2026","PURCHASE AT YON VANNA ON Jun 09, 2026 03:32 PM  ORIGINAL AMOUNT 1.75 USD  REMARK: NONUNICODE-     REF# 100FT37940184072 PURCHASE#  178099395226670 APV 114569",0.00,,1.75,USD,"48,926.30",USD,,,,,,,,,,,,,,,,,,,,
"Jun 09, 2026","PURCHASE AT MINI BIG C P KANDAL(SH03) ON Jun 09, 2026 03:39 PM BANK ACLEDA Bank Plc. ORIGINAL AMOUNT 3.35 USD  REF# 100FT37940257069 BAKONG# dfbb0c3c REMARK: NONUNICODE-    ",0.00,,3.35,USD,"48,922.95",USD,,,,,,,,,,,,,,,,,,,,
"Jun 09, 2026","FUNDS TRANSFERRED TO MEIN ROBERT ALASTAIR AND MIDDLETON RICHARD WALDEMAR 011313334 ORIGINAL AMOUNT 1.00 USD REF# 100FT37944000797 ON Jun 09, 2026 09:09 PM REMARK: NONUNICODE-      ",0.00,,1.00,USD,"48,921.95",USD,,,,,,,,,,,,,,,,,,,,
"Jun 09, 2026","PURCHASE AT The Deck TTP by T.M ON Jun 09, 2026 09:24 PM  ORIGINAL AMOUNT 3.00 USD  REMARK: NONUNICODE-     REF# 100FT37944102683 PURCHASE#  178101505578349 APV 707984",0.00,,3.00,USD,"48,918.95",USD,,,,,,,,,,,,,,,,,,,,
"Jun 10, 2026","PURCHASE AT The Deck TTP by T.M ON Jun 09, 2026 11:04 PM  ORIGINAL AMOUNT 16.00 USD  REMARK: NONUNICODE-     REF# 100FT37944546255 PURCHASE#  178102107322404 APV 604958",0.00,,16.00,USD,"48,902.95",USD,,,,,,,,,,,,,,,,,,,,
"Jun 10, 2026","PURCHASE AT VONG THARY ON Jun 10, 2026 09:33 AM  ORIGINAL AMOUNT 1.13 USD  REMARK: NONUNICODE-     REF# 100FT37946731126 PURCHASE#  178105881016944 APV 826831",0.00,,1.13,USD,"48,901.82",USD,,,,,,,,,,,,,,,,,,,,
"Jun 10, 2026","PURCHASE AT VONG THARY ON Jun 10, 2026 11:47 AM  ORIGINAL AMOUNT 2.00 USD  REMARK: NONUNICODE-     REF# 100FT37948208696 PURCHASE#  178106686655330 APV 715852",0.00,,2.00,USD,"48,899.82",USD,,,,,,,,,,,,,,,,,,,,
"Jun 10, 2026","PURCHASE AT YON VANNA ON Jun 10, 2026 02:58 PM  ORIGINAL AMOUNT 1.75 USD  REMARK: NONUNICODE-     REF# 100FT37950345694 PURCHASE#  178107833079200 APV 638312",0.00,,1.75,USD,"48,898.07",USD,,,,,,,,,,,,,,,,,,,,
"Jun 10, 2026","PURCHASE AT PRUM KANHCHNA ON Jun 10, 2026 05:57 PM  ORIGINAL AMOUNT 7.69 USD  REMARK: NONUNICODE-     REF# 100FT37953117091 PURCHASE#  178108906721027 APV 464049",0.00,,7.69,USD,"48,890.38",USD,,,,,,,,,,,,,,,,,,,,
"Jun 11, 2026","PURCHASE AT VONG THARY ON Jun 11, 2026 11:41 AM  ORIGINAL AMOUNT 2.99 USD  REMARK: NONUNICODE-     REF# 100FT37960529976 PURCHASE#  178115287912323 APV 340595",0.00,,2.99,USD,"48,887.39",USD,,,,,,,,,,,,,,,,,,,,
"Jun 11, 2026","PURCHASE AT HOEUNG KIMSEANG ON Jun 11, 2026 04:12 PM BANK ACLEDA Bank Plc. ORIGINAL AMOUNT 14,000.00 KHR  REF# 100FT37963557049 BAKONG# 5d70c87b REMARK: NONUNICODE-    ",0.00,,3.49,USD,"48,883.90",USD,,,,,,,,,,,,,,,,,,,,
"Jun 11, 2026","PURCHASE AT KUNGFU KITCHEN AMSSC ON Jun 11, 2026 06:16 PM  ORIGINAL AMOUNT 9.24 USD  REMARK: NONUNICODE-     REF# 100FT37965242600 PURCHASE#  178117660541230 APV 435703",0.00,,9.24,USD,"48,874.66",USD,,,,,,,,,,,,,,,,,,,,
"Jun 12, 2026","PURCHASE AT E Coffee by V.SOK ON Jun 12, 2026 08:03 AM  ORIGINAL AMOUNT 3.00 USD  REMARK: NONUNICODE-     REF# 100FT37969317069 PURCHASE#  1781226155491371 APV 749763",0.00,,3.00,USD,"48,871.66",USD,,,,,,,,,,,,,,,,,,,,
"Jun 12, 2026","FUNDS TRANSFERRED TO SCHAAF JR ALBERT LAWRENCE AND POEUN SITHA 014388054 ORIGINAL AMOUNT 5.75 USD REF# 100FT37972165811 ON Jun 12, 2026 12:35 PM REMARK: NONUNICODE-      ",0.00,,5.75,USD,"48,865.91",USD,,,,,,,,,,,,,,,,,,,,
"Jun 12, 2026","PURCHASE AT YON VANNA ON Jun 12, 2026 12:54 PM  ORIGINAL AMOUNT 1.75 USD  REMARK: NONUNICODE-     REF# 100FT37972361162 PURCHASE#  178124365384463 APV 972499",0.00,,1.75,USD,"48,864.16",USD,,,,,,,,,,,,,,,,,,,,
"Jun 12, 2026",PURCHASE AT ADIDAS 2 A (PP) PHNOM PENH-ON-708195154-123452-AM110626 CAMBODIA BY ISLAS MARTIN ALEJAN CARD# xxxxxxxxxxxx1686 ABOA MasterCard ON CAMBODIA TIME 11-JUN-26 ORIGINAL AMOUNT 16.00 USD AUTHORIZATION CODE# APV-621131 RRN# 1510387814 @CYBS_TRN,0.00,,16.00,USD,"48,848.16",USD,,,,,,,,,,,,,,,,,,,,
"Jun 12, 2026",PURCHASE AT 1002 ASS GF CR 008 SS (PP) PHNOM PENH-ON-708198680-123452-AM110626 CAMBODIA BY ISLAS MARTIN ALEJAN CARD# xxxxxxxxxxxx1686 ABOA MasterCard ON CAMBODIA TIME 11-JUN-26 ORIGINAL AMOUNT 1.00 USD AUTHORIZATION CODE# APV-571505 RRN# 1510398748 @CYBS_TRN,0.00,,1.00,USD,"48,847.16",USD,,,,,,,,,,,,,,,,,,,,
"Jun 12, 2026","PURCHASE AT Grab ON Jun 12, 2026 05:54 PM PURCHASE# 4959a169f7da5de3f091 APV 113004 ORIGINAL AMOUNT 2.37 USD REF# 100FT37975738363",0.00,,2.37,USD,"48,844.79",USD,,,,,,,,,,,,,,,,,,,,
"Jun 12, 2026","PURCHASE AT Eung Dok Vann ON Jun 12, 2026 06:30 PM BANK ACLEDA Bank Plc. ORIGINAL AMOUNT 8,000.00 KHR  REF# 100FT37976248076 BAKONG# 5e00bb57 REMARK: NONUNICODE-    ",0.00,,2.00,USD,"48,842.79",USD,,,,,,,,,,,,,,,,,,,,
"Jun 13, 2026","FUNDS TRANSFERRED TO HAJNER LASZLO CSABA 000266582 ORIGINAL AMOUNT 10.00 USD REF# 100FT37978548650 ON Jun 12, 2026 10:46 PM REMARK: NONUNICODE-      ",0.00,,10.00,USD,"48,832.79",USD,,,,,,,,,,,,,,,,,,,,
"Jun 13, 2026","PURCHASE AT Grab ON Jun 12, 2026 10:47 PM PURCHASE# 40f7a46b1a11b3c9b2f0 APV 731113 ORIGINAL AMOUNT 2.57 USD REF# 100FT37978552799",0.00,,2.57,USD,"48,830.22",USD,,,,,,,,,,,,,,,,,,,,
"Jun 13, 2026","PURCHASE AT TIPSY BEAN COFFEE ON Jun 13, 2026 08:20 AM  ORIGINAL AMOUNT 2.25 USD  REMARK: NONUNICODE-     REF# 100FT37980104002 PURCHASE#  178131361065645 APV 133406",0.00,,2.25,USD,"48,827.97",USD,,,,,,,,,,,,,,,,,,,,
"Jun 13, 2026","PURCHASE AT foodpanda ON Jun 13, 2026 11:59 AM PURCHASE# tkej-2624-8w8m APV 711500 ORIGINAL AMOUNT 14.70 USD REF# 100FT37982353288",0.00,,14.70,USD,"48,813.27",USD,,,,,,,,,,,,,,,,,,,,
"Jun 13, 2026","PURCHASE AT Grab ON Jun 13, 2026 06:18 PM PURCHASE# 47318d5af7c1bc379697 APV 167829 ORIGINAL AMOUNT 2.52 USD REF# 100FT37986390370",0.00,,2.52,USD,"48,810.75",USD,,,,,,,,,,,,,,,,,,,,
"Jun 13, 2026","PURCHASE AT KANG BOPHA ON Jun 13, 2026 10:04 PM  ORIGINAL AMOUNT 2.00 USD  REMARK: NONUNICODE-     REF# 100FT37988531630 PURCHASE#  178136308367756 APV 827680",0.00,,2.00,USD,"48,808.75",USD,,,,,,,,,,,,,,,,,,,,
"Jun 13, 2026","PURCHASE AT THE BOX OFFICE ON Jun 13, 2026 10:31 PM  ORIGINAL AMOUNT 25.50 USD  REMARK: NONUNICODE-     REF# 100FT37988656557 PURCHASE#  178136466873564 APV 777717",0.00,,25.50,USD,"48,783.25",USD,,,,,,,,,,,,,,,,,,,,
"Jun 14, 2026","PURCHASE AT Grab ON Jun 13, 2026 10:34 PM PURCHASE# 4711bf9bdc23ec16ac00 APV 148529 ORIGINAL AMOUNT 2.72 USD REF# 100FT37988668374",0.00,,2.72,USD,"48,780.53",USD,,,,,,,,,,,,,,,,,,,,
"Jun 14, 2026","PURCHASE AT RORS VANNAK ON Jun 14, 2026 09:46 AM  ORIGINAL AMOUNT 0.50 USD  REMARK: NONUNICODE-     REF# 100FT37991090077 PURCHASE#  178140520448857 APV 213119",0.00,,0.50,USD,"48,780.03",USD,,,,,,,,,,,,,,,,,,,,
"Jun 14, 2026","PURCHASE AT 3003 MAXVALU RK CR002PP ON Jun 14, 2026 12:28 PM  ORIGINAL AMOUNT 14.10 USD  REMARK: NONUNICODE-     REF# 100FT37992808837 PURCHASE#  178141488549619 APV 806604",0.00,,14.10,USD,"48,765.93",USD,,,,,,,,,,,,,,,,,,,,
"Jun 14, 2026","PURCHASE AT SUPER DUPER 05 ON Jun 14, 2026 08:56 PM  ORIGINAL AMOUNT 24.66 USD  REMARK: NONUNICODE-     REF# 100FT37997876680 PURCHASE#  178144540845055 APV 476033",0.00,,24.66,USD,"48,741.27",USD,,,,,,,,,,,,,,,,,,,,
"Jun 15, 2026","PURCHASE AT VONG THARY ON Jun 15, 2026 11:31 AM  ORIGINAL AMOUNT 2.00 USD  REMARK: NONUNICODE-     REF# 100FT38001990439 PURCHASE#  178149791327033 APV 768516",0.00,,2.00,USD,"48,739.27",USD,,,,,,,,,,,,,,,,,,,,
"Jun 15, 2026","PURCHASE AT YON VANNA ON Jun 15, 2026 03:17 PM  ORIGINAL AMOUNT 1.75 USD  REMARK: NONUNICODE-     REF# 100FT38004526018 PURCHASE#  178151146974662 APV 755064",0.00,,1.75,USD,"48,737.52",USD,,,,,,,,,,,,,,,,,,,,
"Jun 15, 2026","PURCHASE AT U CARE PHSAR TAPANG ON Jun 15, 2026 03:28 PM  ORIGINAL AMOUNT 5.15 USD  REMARK: NONUNICODE-     REF# 100FT38004639714 PURCHASE#  178151208456479 APV 470663",0.00,,5.15,USD,"48,732.37",USD,,,,,,,,,,,,,,,,,,,,
"Jun 15, 2026","PURCHASE AT Grab ON Jun 15, 2026 07:38 PM PURCHASE# 4784b5266ec7438c7bf6 APV 853799 ORIGINAL AMOUNT 1.18 USD REF# 100FT38007976370",0.00,,1.18,USD,"48,731.19",USD,,,,,,,,,,,,,,,,,,,,
"Jun 15, 2026","PURCHASE AT BURGER KING BK04 ON Jun 15, 2026 07:49 PM  ORIGINAL AMOUNT 4.90 USD  REMARK: NONUNICODE-     REF# 100FT38008098611 PURCHASE#  D1-020757 APV 979861",0.00,,4.90,USD,"48,726.29",USD,,,,,,,,,,,,,,,,,,,,
"Jun 15, 2026","PURCHASE AT Grab ON Jun 15, 2026 07:59 PM PURCHASE# 42e2b9e90e7c4e7a8e9b APV 599752 ORIGINAL AMOUNT 1.68 USD REF# 100FT38008202580",0.00,,1.68,USD,"48,724.61",USD,,,,,,,,,,,,,,,,,,,,
"Jun 15, 2026","PURCHASE AT Restaurant - PP RES ON Jun 15, 2026 08:17 PM BANK Oriental Bank ORIGINAL AMOUNT 1.43 USD  REF# 100FT38008396864 BAKONG# @BAKONG_TRN_HASH REMARK: NONUNICODE-    ",0.00,,1.43,USD,"48,723.18",USD,,,,,,,,,,,,,,,,,,,,
"Jun 15, 2026","PURCHASE AT Restaurant - PP RES ON Jun 15, 2026 08:33 PM BANK Oriental Bank ORIGINAL AMOUNT 4.73 USD  REF# 100FT38008556959 BAKONG# 92f71a09 REMARK: NONUNICODE-    ",0.00,,4.73,USD,"48,718.45",USD,,,,,,,,,,,,,,,,,,,,
"Jun 15, 2026","PURCHASE AT Grab ON Jun 15, 2026 09:54 PM PURCHASE# 460b9d4eea0e058f30ce APV 763582 ORIGINAL AMOUNT 2.10 USD REF# 100FT38009149320",0.00,,2.10,USD,"48,716.35",USD,,,,,,,,,,,,,,,,,,,,
"Jun 16, 2026","PURCHASE AT Grab ON Jun 16, 2026 07:31 AM PURCHASE# 48adb98717b6d606d51d APV 613812 ORIGINAL AMOUNT 3.45 USD REF# 100FT38010545788",0.00,,3.45,USD,"48,712.90",USD,,,,,,,,,,,,,,,,,,,,
"Jun 16, 2026","PURCHASE AT Grab ON Jun 16, 2026 07:50 AM PURCHASE# 40218c2b2b66c112e0a2 APV 455653 ORIGINAL AMOUNT 0.25 USD REF# 100FT38010701367",0.00,,0.25,USD,"48,712.65",USD,,,,,,,,,,,,,,,,,,,,
"Jun 16, 2026","PURCHASE AT VONG THARY ON Jun 16, 2026 11:18 AM  ORIGINAL AMOUNT 2.99 USD  REMARK: NONUNICODE-     REF# 100FT38012806995 PURCHASE#  178158350836474 APV 996213",0.00,,2.99,USD,"48,709.66",USD,,,,,,,,,,,,,,,,,,,,
"Jun 16, 2026","PURCHASE AT GITHUB, INC.,88 Colin SAN FRANCISCO-No:710164417-M150626 UNITED STATES BY ISLAS MARTIN ALEJANDRO CARD# 516717xxxxxx1686 Mastercard ON CAMBODIA TIME 15-JUN-26 ORIGINAL AMOUNT 10.00 USD AUTHORIZATION CODE# APV-231977 RRN# 1513372298 @DEBIT_NARRATIVE @CYBS_TRN",0.00,,10.00,USD,"48,699.66",USD,,,,,,,,,,,,,,,,,,,,
"Jun 16, 2026","FUNDS TRANSFERRED TO MEIN ROBERT ALASTAIR AND MIDDLETON RICHARD WALDEMAR 011313334 ORIGINAL AMOUNT 2.00 USD REF# 100FT38019449966 ON Jun 16, 2026 09:12 PM REMARK: NONUNICODE-      ",0.00,,2.00,USD,"48,697.66",USD,,,,,,,,,,,,,,,,,,,,
"Jun 16, 2026","PURCHASE AT The Deck TTP by T.M ON Jun 16, 2026 10:00 PM  ORIGINAL AMOUNT 35.50 USD  REMARK: NONUNICODE-     REF# 100FT38019738914 PURCHASE#  178162202713546 APV 663852",0.00,,35.50,USD,"48,662.16",USD,,,,,,,,,,,,,,,,,,,,
"Jun 17, 2026","PURCHASE AT VONG THARY ON Jun 17, 2026 11:17 AM  ORIGINAL AMOUNT 2.99 USD  REMARK: NONUNICODE-     REF# 100FT38023103370 PURCHASE#  178166982892388 APV 330853",0.00,,2.99,USD,"48,659.17",USD,,,,,,,,,,,,,,,,,,,,
"Jun 17, 2026","PURCHASE AT Reksmey Por by L.ENG ON Jun 17, 2026 12:49 PM  ORIGINAL AMOUNT 3.00 USD  REMARK: NONUNICODE-     REF# 100FT38024112448 PURCHASE#  178167538918356 APV 628388",0.00,,3.00,USD,"48,656.17",USD,,,,,,,,,,,,,,,,,,,,
"Jun 17, 2026","PURCHASE AT Tiger Coffee by K.SOK ON Jun 17, 2026 01:06 PM  ORIGINAL AMOUNT 2.62 USD  REMARK: NONUNICODE-     REF# 100FT38024275555 PURCHASE#  178167636857998 APV 935106",0.00,,2.62,USD,"48,653.55",USD,,,,,,,,,,,,,,,,,,,,
"Jun 17, 2026","PURCHASE AT CHHMA CATFE ON Jun 17, 2026 05:18 PM  ORIGINAL AMOUNT 7.25 USD  REMARK: NONUNICODE-     REF# 100FT38026803050 PURCHASE#  178169150861397 APV 331514",0.00,,7.25,USD,"48,646.30",USD,,,,,,,,,,,,,,,,,,,,
"Jun 17, 2026","PURCHASE AT THE BOX OFFICE ON Jun 17, 2026 07:27 PM  ORIGINAL AMOUNT 12.50 USD  REMARK: NONUNICODE-     REF# 100FT38028416713 PURCHASE#  178169923363951 APV 569501",0.00,,12.50,USD,"48,633.80",USD,,,,,,,,,,,,,,,,,,,,
"Jun 18, 2026","PURCHASE AT Grab ON Jun 18, 2026 10:35 AM PURCHASE# 4b53b75c6711acc445d9 APV 989780 ORIGINAL AMOUNT 6.89 USD REF# 100FT38032644308 @DEBIT_NARRATIVE",0.00,,6.89,USD,"48,626.91",USD,,,,,,,,,,,,,,,,,,,,
"Jun 18, 2026","PURCHASE AT foodpanda ON Jun 18, 2026 02:20 PM PURCHASE# goxn-2625-5i0c APV 265195 ORIGINAL AMOUNT 6.68 USD REF# 100FT38034867758 @DEBIT_NARRATIVE",0.00,,6.68,USD,"48,620.23",USD,,,,,,,,,,,,,,,,,,,,
"Jun 18, 2026","PURCHASE AT Grab ON Jun 18, 2026 06:50 PM PURCHASE# 4511ba55ddbbc0c896ac APV 652785 ORIGINAL AMOUNT 2.37 USD REF# 100FT38037895099 @DEBIT_NARRATIVE",0.00,,2.37,USD,"48,617.86",USD,,,,,,,,,,,,,,,,,,,,
"Jun 18, 2026","PURCHASE AT Thim Sophal by S.CHEA ON Jun 18, 2026 09:44 PM ORIGINAL AMOUNT 22.75 USD REMARK: NONUNICODE-     REF# 100FT38039410422 PURCHASE# 178179388733390 APV 760947 @DEBIT_NARRATIVE",0.00,,22.75,USD,"48,595.11",USD,,,,,,,,,,,,,,,,,,,,
"Jun 19, 2026","PURCHASE AT SMILE 12 ON Jun 18, 2026 10:38 PM ORIGINAL AMOUNT 3.70 USD REMARK: NONUNICODE-     REF# 100FT38039639977 PURCHASE# 178179708795965 APV 815768 @DEBIT_NARRATIVE",0.00,,3.70,USD,"48,591.41",USD,,,,,,,,,,,,,,,,,,,,
"Jun 19, 2026","PURCHASE AT Grab ON Jun 18, 2026 10:38 PM PURCHASE# 4660aa41b064d2b138a1 APV 280989 ORIGINAL AMOUNT 5.49 USD REF# 100FT38039643011 @DEBIT_NARRATIVE",0.00,,5.49,USD,"48,585.92",USD,,,,,,,,,,,,,,,,,,,,
"Jun 19, 2026","PURCHASE AT CALTEX INDRADEVI ON Jun 19, 2026 07:08 AM BANK KB PRASAC Bank Plc ORIGINAL AMOUNT 4.49 USD  REF# 100FT38040606825 BAKONG# e868fe17 REMARK: NONUNICODE-    ",0.00,,4.49,USD,"48,581.43",USD,,,,,,,,,,,,,,,,,,,,
"Jun 19, 2026","FUNDS TRANSFERRED TO SCHAAF JR ALBERT LAWRENCE AND POEUN SITHA 014388054 ORIGINAL AMOUNT 5.75 USD REF# 100FT38043796367 ON Jun 19, 2026 12:39 PM REMARK: NONUNICODE-      ",0.00,,5.75,USD,"48,575.68",USD,,,,,,,,,,,,,,,,,,,,
"Jun 19, 2026","PURCHASE AT YON VANNA ON Jun 19, 2026 12:59 PM ORIGINAL AMOUNT 1.75 USD REMARK: NONUNICODE-     REF# 100FT38044002163 PURCHASE# 178184878715639 APV 112626 @DEBIT_NARRATIVE",0.00,,1.75,USD,"48,573.93",USD,,,,,,,,,,,,,,,,,,,,
"Jun 19, 2026","PURCHASE AT KOAM DARIKA ON Jun 19, 2026 01:03 PM ORIGINAL AMOUNT 2.00 USD REMARK: NONUNICODE-     REF# 100FT38044044840 PURCHASE# 178184902627607 APV 967761 @DEBIT_NARRATIVE",0.00,,2.00,USD,"48,571.93",USD,,,,,,,,,,,,,,,,,,,,
"Jun 19, 2026","PURCHASE AT 7 Eleven 30068 ON Jun 19, 2026 07:46 PM ORIGINAL AMOUNT 1.55 USD REMARK: NONUNICODE-     REF# 100FT38048845809 PURCHASE# 178187320075299 APV 581166 @DEBIT_NARRATIVE",0.00,,1.55,USD,"48,570.38",USD,,,,,,,,,,,,,,,,,,,,
"Jun 19, 2026","PURCHASE AT ON MART ST 592 TK ON Jun 19, 2026 09:31 PM ORIGINAL AMOUNT 3.93 USD REMARK: NONUNICODE-     REF# 100FT38049826149 PURCHASE# 7196801 APV 982279 @DEBIT_NARRATIVE",0.00,,3.93,USD,"48,566.45",USD,,,,,,,,,,,,,,,,,,,,
"Jun 20, 2026","PURCHASE AT TIPSY BEAN COFFEE ON Jun 20, 2026 07:27 AM ORIGINAL AMOUNT 2.00 USD REMARK: NONUNICODE-     REF# 100FT38051354134 PURCHASE# 178191527687562 APV 899230 @DEBIT_NARRATIVE",0.00,,2.00,USD,"48,564.45",USD,,,,,,,,,,,,,,,,,,,,
"Jun 20, 2026","PURCHASE AT THE BOX OFFICE ON Jun 20, 2026 04:22 PM ORIGINAL AMOUNT 20.50 USD REMARK: NONUNICODE-     REF# 100FT38056554220 PURCHASE# 178194736382976 APV 631658 @DEBIT_NARRATIVE",0.00,,20.50,USD,"48,543.95",USD,,,,,,,,,,,,,,,,,,,,
"Jun 20, 2026","PURCHASE AT THE BOX OFFICE ON Jun 20, 2026 05:30 PM ORIGINAL AMOUNT 3.00 USD REMARK: NONUNICODE-     REF# 100FT38057371893 PURCHASE# 178195144684208 APV 696465 @DEBIT_NARRATIVE",0.00,,3.00,USD,"48,540.95",USD,,,,,,,,,,,,,,,,,,,,
"Jun 20, 2026","FUNDS RECEIVED FROM PHEUN SOKSERAMUNY (016 075 590) ORIGINAL AMOUNT 1,250.00 USD REF# 100FT38059416819 ON Jun 20, 2026 08:38 PM REMARK: NONUNICODE-ELT 1st June 2026    ","1,250.00",USD,0.00,,"49,790.95",USD,,,,,,,,,,,,,,,,,,,,
"Jun 21, 2026","PURCHASE AT Grab ON Jun 21, 2026 06:06 AM PURCHASE# 4030b661e4aa9dda1a8c APV 312299 ORIGINAL AMOUNT 5.64 USD REF# 100FT38060711974 ",0.00,,5.64,USD,"49,785.31",USD,,,,,,,,,,,,,,,,,,,,
"Jun 21, 2026","PURCHASE AT THAI HUOT SUPERMARKET TK ON Jun 21, 2026 09:27 AM ORIGINAL AMOUNT 0.57 USD REMARK: NONUNICODE-     REF# 100FT38062097605 PURCHASE# 178200884339511 APV 757480 ",0.00,,0.57,USD,"49,784.74",USD,,,,,,,,,,,,,,,,,,,,
"Jun 21, 2026","PURCHASE AT BAKER ALEXANDRA GRACE ON Jun 21, 2026 12:29 PM BANK ACLEDA Bank Plc. ORIGINAL AMOUNT 10.00 USD  REF# 100FT38063963065 BAKONG# 3e118235 REMARK: NONUNICODE-    ",0.00,,10.00,USD,"49,774.74",USD,,,,,,,,,,,,,,,,,,,,
"Jun 21, 2026","PURCHASE AT The Deck TTP by T.M ON Jun 21, 2026 02:49 PM ORIGINAL AMOUNT 12.25 USD REMARK: NONUNICODE-     REF# 100FT38065271049 PURCHASE# 178202817746139 APV 907287 ",0.00,,12.25,USD,"49,762.49",USD,,,,,,,,,,,,,,,,,,,,
"Jun 21, 2026","FUNDS TRANSFERRED TO UK SOUSOU 093212182 ORIGINAL AMOUNT 36.80 USD REF# 100FT38065386948 ON Jun 21, 2026 03:02 PM REMARK: NONUNICODE-      ",0.00,,36.80,USD,"49,725.69",USD,,,,,,,,,,,,,,,,,,,,
"Jun 21, 2026","PURCHASE AT foodpanda ON Jun 21, 2026 07:56 PM PURCHASE# eaos-2625-phy9 APV 867656 ORIGINAL AMOUNT 6.53 USD REF# 100FT38068716909 ",0.00,,6.53,USD,"49,719.16",USD,,,,,,,,,,,,,,,,,,,,
"Jun 22, 2026","PURCHASE AT VONG THARY ON Jun 22, 2026 12:21 PM ORIGINAL AMOUNT 2.99 USD REMARK: NONUNICODE-     REF# 100FT38073863286 PURCHASE# 178210569975588 APV 369783 ",0.00,,2.99,USD,"49,716.17",USD,,,,,,,,,,,,,,,,,,,,
"Jun 22, 2026",PURCHASE AT Partners on Booking BV Amsterdam-No:711240640-M180626 NETHERLANDS BY ISLAS MARTIN ALEJANDRO CARD# 515683xxxxxx2199 Mastercard ON CAMBODIA TIME 18-JUN-26 ORIGINAL AMOUNT 145.18 USD AUTHORIZATION CODE# APV-349834 RRN# 1516278678  @CYBS_TRN,0.00,,145.18,USD,"49,570.99",USD,,,,,,,,,,,,,,,,,,,,
"Jun 22, 2026","PURCHASE AT THAI HUOT SUPERMARKET TK ON Jun 22, 2026 05:35 PM ORIGINAL AMOUNT 16.96 USD REMARK: NONUNICODE-     REF# 100FT38077326749 PURCHASE# 178212453564825 APV 414518 ",0.00,,16.96,USD,"49,554.03",USD,,,,,,,,,,,,,,,,,,,,
"Jun 23, 2026","PURCHASE AT YON VANNA ON Jun 23, 2026 11:22 AM ORIGINAL AMOUNT 1.75 USD REMARK: NONUNICODE-     REF# 100FT38083587296 PURCHASE# 178218855876675 APV 403690 ",0.00,,1.75,USD,"49,552.28",USD,,,,,,,,,,,,,,,,,,,,
"Jun 23, 2026","PURCHASE AT VONG THARY ON Jun 23, 2026 11:35 AM ORIGINAL AMOUNT 2.25 USD REMARK: NONUNICODE-     REF# 100FT38083733931 PURCHASE# 178218931233388 APV 818511 ",0.00,,2.25,USD,"49,550.03",USD,,,,,,,,,,,,,,,,,,,,
"Jun 23, 2026","PURCHASE AT Netflix.com,9 Straits Los Gatos-No:712153968-M200626 SINGAPORE BY ISLAS MARTIN ALEJANDRO CARD# 515683xxxxxx2199 Mastercard ON CAMBODIA TIME 20-JUN-26 ORIGINAL AMOUNT 7.99 USD AUTHORIZATION CODE# APV-092139 RRN# 1518097837  @CYBS_TRN",0.00,,7.99,USD,"49,542.04",USD,,,,,,,,,,,,,,,,,,,,
"Jun 23, 2026","PURCHASE AT FOODMATE 1 ON Jun 23, 2026 05:24 PM ORIGINAL AMOUNT 5.52 USD REMARK: NONUNICODE-     REF# 100FT38087385008 PURCHASE# 178221027346039 APV 506143 ",0.00,,5.52,USD,"49,536.52",USD,,,,,,,,,,,,,,,,,,,,
"Jun 23, 2026",PURCHASE AT UKVI ETAMOB00001413827 LONDON-No:712911922-M220626 UNITED KINGDOM BY ISLAS MARTIN ALEJANDRO CARD# 515683xxxxxx2199 Mastercard ON CAMBODIA TIME 21-JUN-26 ORIGINAL AMOUNT 27.93 USD AUTHORIZATION CODE# APV-463928 RRN# 1519304379  @CYBS_TRN,0.00,,27.93,USD,"49,508.59",USD,,,,,,,,,,,,,,,,,,,,
"Jun 23, 2026","FUNDS TRANSFERRED TO STRUGNELL ANDREW LUKE VALENTINE 000902371 ORIGINAL AMOUNT 50.00 USD REF# 100FT38089172367 ON Jun 23, 2026 07:41 PM REMARK: NONUNICODE-      ",0.00,,50.00,USD,"49,458.59",USD,,,,,,,,,,,,,,,,,,,,
"Jun 23, 2026","FUNDS TRANSFERRED TO MEIN ROBERT ALASTAIR AND MIDDLETON RICHARD WALDEMAR 011313334 ORIGINAL AMOUNT 6.25 USD REF# 100FT38089966335 ON Jun 23, 2026 09:11 PM REMARK: NONUNICODE-      ",0.00,,6.25,USD,"49,452.34",USD,,,,,,,,,,,,,,,,,,,,
"Jun 23, 2026","PURCHASE AT SIENG PHALLA ON Jun 23, 2026 09:14 PM BANK LOLC (Cambodia) Plc. ORIGINAL AMOUNT 1,000.00 KHR  REF# 100FT38089987631 BAKONG# ad0b2688 REMARK: NONUNICODE-    ",0.00,,0.25,USD,"49,452.09",USD,,,,,,,,,,,,,,,,,,,,
"Jun 23, 2026","PURCHASE AT The Deck TTP by T.M ON Jun 23, 2026 09:42 PM ORIGINAL AMOUNT 3.00 USD REMARK: NONUNICODE-     REF# 100FT38090158261 PURCHASE# 178222576187259 APV 726536 ",0.00,,3.00,USD,"49,449.09",USD,,,,,,,,,,,,,,,,,,,,
"Jun 24, 2026","PURCHASE AT The Deck TTP by T.M ON Jun 23, 2026 11:25 PM ORIGINAL AMOUNT 10.00 USD REMARK: NONUNICODE-     REF# 100FT38090642773 PURCHASE# 178223192866987 APV 508724 ",0.00,,10.00,USD,"49,439.09",USD,,,,,,,,,,,,,,,,,,,,
"Jun 24, 2026","PURCHASE AT Grab ON Jun 24, 2026 08:44 AM PURCHASE# 4af5bbfc100193d68bde APV 510868 ORIGINAL AMOUNT 7.14 USD REF# 100FT38092276476 ",0.00,,7.14,USD,"49,431.95",USD,,,,,,,,,,,,,,,,,,,,
"Jun 24, 2026","PURCHASE AT Grab ON Jun 24, 2026 09:01 AM PURCHASE# 4320b4d39b37724f8503 APV 210187 ORIGINAL AMOUNT 0.25 USD REF# 100FT38092433329 ",0.00,,0.25,USD,"49,431.70",USD,,,,,,,,,,,,,,,,,,,,
"Jun 24, 2026","PURCHASE AT MINI BIG C P KANDAL(SH03) ON Jun 24, 2026 11:01 AM BANK ACLEDA Bank Plc. ORIGINAL AMOUNT 0.75 USD  REF# 100FT38093544876 BAKONG# @BAKONG_TRN_HASH REMARK: NONUNICODE-    ",0.00,,0.75,USD,"49,430.95",USD,,,,,,,,,,,,,,,,,,,,
"Jun 24, 2026","PURCHASE AT CHHMA CATFE ON Jun 24, 2026 03:11 PM BANK ACLEDA Bank Plc. ORIGINAL AMOUNT 14.95 USD  REF# 100FT38096000091 BAKONG# b918c9f7 REMARK: NONUNICODE-    ",0.00,,14.95,USD,"49,416.00",USD,,,,,,,,,,,,,,,,,,,,
"Jun 24, 2026","PURCHASE AT CHEFS KEBAP by M.J ON Jun 24, 2026 03:42 PM ORIGINAL AMOUNT 2.50 USD REMARK: NONUNICODE-     REF# 100FT38096292041 PURCHASE# 178229054369144 APV 773887 ",0.00,,2.50,USD,"49,413.50",USD,,,,,,,,,,,,,,,,,,,,
"Jun 24, 2026","PURCHASE AT DARITH CAFE   (1) ON Jun 24, 2026 03:47 PM ORIGINAL AMOUNT 1.25 USD REMARK: NONUNICODE-     REF# 100FT38096338286 PURCHASE# 178229082735588 APV 328468 ",0.00,,1.25,USD,"49,412.25",USD,,,,,,,,,,,,,,,,,,,,
"Jun 25, 2026","PURCHASE AT redBus ON Jun 25, 2026 10:39 AM PURCHASE# 1527537465 APV 254158 ORIGINAL AMOUNT 36.12 USD REF# 100FT38103465464 ",0.00,,36.12,USD,"49,376.13",USD,,,,,,,,,,,,,,,,,,,,
"Jun 25, 2026","FUNDS TRANSFERRED TO SCHAAF JR ALBERT LAWRENCE AND POEUN SITHA 014388054 ORIGINAL AMOUNT 5.75 USD REF# 100FT38104902900 ON Jun 25, 2026 12:43 PM REMARK: NONUNICODE-      ",0.00,,5.75,USD,"49,370.38",USD,,,,,,,,,,,,,,,,,,,,
"Jun 25, 2026","PURCHASE AT YON VANNA ON Jun 25, 2026 01:04 PM ORIGINAL AMOUNT 1.75 USD REMARK: NONUNICODE-     REF# 100FT38105135331 PURCHASE# 178236748191000 APV 667966 ",0.00,,1.75,USD,"49,368.63",USD,,,,,,,,,,,,,,,,,,,,
"Jun 25, 2026","PURCHASE AT U CARE PHSAR TAPANG ON Jun 25, 2026 01:12 PM ORIGINAL AMOUNT 5.30 USD REMARK: NONUNICODE-     REF# 100FT38105216679 PURCHASE# 178236794199441 APV 849389 ",0.00,,5.30,USD,"49,363.33",USD,,,,,,,,,,,,,,,,,,,,
"Jun 25, 2026","PURCHASE AT 5F ON Jun 25, 2026 04:23 PM BANK Oriental Bank ORIGINAL AMOUNT 35.00 USD  REF# 100FT38107404398 BAKONG# 7fe795e2 REMARK: NONUNICODE-    ",0.00,,35.00,USD,"49,328.33",USD,,,,,,,,,,,,,,,,,,,,
"Jun 25, 2026","PURCHASE AT SUPER DUPER 05 ON Jun 25, 2026 05:33 PM ORIGINAL AMOUNT 4.35 USD REMARK: NONUNICODE-     REF# 100FT38108475619 PURCHASE# 178238360550454 APV 946677 ",0.00,,4.35,USD,"49,323.98",USD,,,,,,,,,,,,,,,,,,,,
"Jun 25, 2026","PURCHASE AT DOMINOS TOUL KORK ON Jun 25, 2026 05:38 PM ORIGINAL AMOUNT 6.99 USD REMARK: NONUNICODE-     REF# 100FT38108552146 PURCHASE# 178238389840631 APV 537968 ",0.00,,6.99,USD,"49,316.99",USD,,,,,,,,,,,,,,,,,,,,
"Jun 26, 2026","PURCHASE AT VONG THARY ON Jun 26, 2026 11:36 AM ORIGINAL AMOUNT 1.75 USD REMARK: NONUNICODE-     REF# 100FT38115836564 PURCHASE# 178244856960928 APV 457592 ",0.00,,1.75,USD,"49,315.24",USD,,,,,,,,,,,,,,,,,,,,
"Jun 26, 2026","PURCHASE AT YON VANNA ON Jun 26, 2026 11:44 AM ORIGINAL AMOUNT 1.75 USD REMARK: NONUNICODE-     REF# 100FT38115941871 PURCHASE# 178244905777191 APV 415076 ",0.00,,1.75,USD,"49,313.49",USD,,,,,,,,,,,,,,,,,,,,
"Jun 26, 2026","PURCHASE AT U CARE PHSAR TAPANG ON Jun 26, 2026 11:51 AM ORIGINAL AMOUNT 1.95 USD REMARK: NONUNICODE-     REF# 100FT38116035710 PURCHASE# 178244949670889 APV 839838 ",0.00,,1.95,USD,"49,311.54",USD,,,,,,,,,,,,,,,,,,,,
"Jun 26, 2026","PURCHASE AT CHHEANG PORCHOU ON Jun 26, 2026 05:42 PM ORIGINAL AMOUNT 8.25 USD REMARK: NONUNICODE-     REF# 100FT38119726006 PURCHASE# 178247055536999 APV 936124 ",0.00,,8.25,USD,"49,303.29",USD,,,,,,,,,,,,,,,,,,,,
"Jun 26, 2026","PURCHASE AT COMPAS TK RESTAURANT ON Jun 26, 2026 05:48 PM BANK PPCBank ORIGINAL AMOUNT 10.93 USD  REF# 100FT38119802297 BAKONG# bccde75b REMARK: NONUNICODE-    ",0.00,,10.93,USD,"49,292.36",USD,,,,,,,,,,,,,,,,,,,,
"Jun 27, 2026","PURCHASE AT Grab ON Jun 26, 2026 11:03 PM PURCHASE# 4528957d8b91092bdd9c APV 893519 ORIGINAL AMOUNT 1.63 USD REF# 100FT38122847185 ",0.00,,1.63,USD,"49,290.73",USD,,,,,,,,,,,,,,,,,,,,
"Jun 27, 2026","PURCHASE AT Grab ON Jun 27, 2026 05:44 AM PURCHASE# 44a49a1919c6fa973ceb APV 723126 ORIGINAL AMOUNT 1.95 USD REF# 100FT38123389234 ",0.00,,1.95,USD,"49,288.78",USD,,,,,,,,,,,,,,,,,,,,
"Jun 27, 2026","PURCHASE AT Fame Cafe AHC ON Jun 27, 2026 06:10 AM ORIGINAL AMOUNT 1.50 USD REMARK: NONUNICODE-     REF# 100FT38123452468 PURCHASE# 178251545188422 APV 322331 ",0.00,,1.50,USD,"49,287.28",USD,,,,,,,,,,,,,,,,,,,,
"Jun 27, 2026","PURCHASE AT Grab ON Jun 27, 2026 06:43 AM PURCHASE# 4ed99a20cdf6fb3fcde7 APV 525230 ORIGINAL AMOUNT 0.93 USD REF# 100FT38123620600 ",0.00,,0.93,USD,"49,286.35",USD,,,,,,,,,,,,,,,,,,,,
"Jun 27, 2026","PURCHASE AT LIM HONG ON Jun 27, 2026 08:56 AM ORIGINAL AMOUNT 9.55 USD REMARK: NONUNICODE-     REF# 100FT38124696628 PURCHASE# 178252538843741 APV 116499 ",0.00,,9.55,USD,"49,276.80",USD,,,,,,,,,,,,,,,,,,,,
"Jun 27, 2026","PURCHASE AT Grab ON Jun 27, 2026 09:02 AM PURCHASE# 4190a0d11823c550f163 APV 369653 ORIGINAL AMOUNT 0.95 USD REF# 100FT38124757513 ",0.00,,0.95,USD,"49,275.85",USD,,,,,,,,,,,,,,,,,,,,
"Jun 27, 2026","PURCHASE AT Grab ON Jun 27, 2026 10:02 AM PURCHASE# 4f13bab08931edda5d29 APV 977281 ORIGINAL AMOUNT 1.45 USD REF# 100FT38125346930 ",0.00,,1.45,USD,"49,274.40",USD,,,,,,,,,,,,,,,,,,,,
"Jun 27, 2026","PURCHASE AT Grab ON Jun 27, 2026 11:53 AM PURCHASE# 4bfe94a9102001a44c71 APV 849491 ORIGINAL AMOUNT 1.68 USD REF# 100FT38126551715 ",0.00,,1.68,USD,"49,272.72",USD,,,,,,,,,,,,,,,,,,,,
"Jun 27, 2026","PURCHASE AT AKAS POOL BEACH AND BAR ON Jun 27, 2026 12:53 PM ORIGINAL AMOUNT 8.25 USD REMARK: NONUNICODE-     REF# 100FT38127182874 PURCHASE# 178253963195562 APV 847842 ",0.00,,8.25,USD,"49,264.47",USD,,,,,,,,,,,,,,,,,,,,
"Jun 27, 2026","PURCHASE AT Grab ON Jun 27, 2026 02:20 PM PURCHASE# 495aa91b039fdf7f18f8 APV 589500 ORIGINAL AMOUNT 1.45 USD REF# 100FT38127995283 ",0.00,,1.45,USD,"49,263.02",USD,,,,,,,,,,,,,,,,,,,,
"Jun 27, 2026","PURCHASE AT 7 Eleven 30062 ON Jun 27, 2026 02:32 PM ORIGINAL AMOUNT 2.82 USD REMARK: NONUNICODE-     REF# 100FT38128107857 PURCHASE# 178254557867063 APV 461908 ",0.00,,2.82,USD,"49,260.20",USD,,,,,,,,,,,,,,,,,,,,
"Jun 27, 2026","PURCHASE AT THE LITTLE RED FOX ON Jun 27, 2026 05:09 PM ORIGINAL AMOUNT 9.00 USD REMARK: NONUNICODE-     REF# 100FT38129803961 PURCHASE# 178255496288888 APV 626148 ",0.00,,9.00,USD,"49,251.20",USD,,,,,,,,,,,,,,,,,,,,
"Jun 27, 2026","PURCHASE AT Grab ON Jun 27, 2026 08:38 PM PURCHASE# 4838b99124bff43e2937 APV 802254 ORIGINAL AMOUNT 1.43 USD REF# 100FT38132283280 ",0.00,,1.43,USD,"49,249.77",USD,,,,,,,,,,,,,,,,,,,,
"Jun 27, 2026","PURCHASE AT Grab ON Jun 27, 2026 08:58 PM PURCHASE# 4df1b85e0661d9e0a74d APV 761210 ORIGINAL AMOUNT 1.15 USD REF# 100FT38132445578 ",0.00,,1.15,USD,"49,248.62",USD,,,,,,,,,,,,,,,,,,,,
"Jun 27, 2026","PURCHASE AT Grab ON Jun 27, 2026 09:10 PM PURCHASE# 475884dc31dff10a435b APV 400142 ORIGINAL AMOUNT 0.95 USD REF# 100FT38132542496 ",0.00,,0.95,USD,"49,247.67",USD,,,,,,,,,,,,,,,,,,,,
"Jun 27, 2026","PURCHASE AT Chan Veasna ON Jun 27, 2026 09:23 PM BANK ACLEDA Bank Plc. ORIGINAL AMOUNT 8,000.00 KHR  REF# 100FT38132628725 BAKONG# c7379d6c REMARK: NONUNICODE-    ",0.00,,2.00,USD,"49,245.67",USD,,,,,,,,,,,,,,,,,,,,
"Jun 28, 2026","PURCHASE AT LA FERME DE BASSAC SR 24 ON Jun 27, 2026 11:10 PM ORIGINAL AMOUNT 24.45 USD REMARK: NONUNICODE-     REF# 100FT38133152804 PURCHASE# 178257665770539 APV 607696 ",0.00,,24.45,USD,"49,221.22",USD,,,,,,,,,,,,,,,,,,,,
"Jun 28, 2026","PURCHASE AT Grab ON Jun 27, 2026 11:12 PM PURCHASE# 41cf8a4be6b4c01a1251 APV 912813 ORIGINAL AMOUNT 1.18 USD REF# 100FT38133158238 ",0.00,,1.18,USD,"49,220.04",USD,,,,,,,,,,,,,,,,,,,,
"Jun 28, 2026","PURCHASE AT Grab ON Jun 28, 2026 09:49 AM PURCHASE# 42828f07241cfe4a927b APV 446335 ORIGINAL AMOUNT 2.22 USD REF# 100FT38135410749 ",0.00,,2.22,USD,"49,217.82",USD,,,,,,,,,,,,,,,,,,,,
"Jun 28, 2026","PURCHASE AT ណាវី (ក្រវ៉ាន់) ON Jun 28, 2026 01:15 PM BANK ACLEDA Bank Plc. ORIGINAL AMOUNT 3,000.00 KHR  REF# 100FT38137638777 BAKONG# 4852b83c REMARK: NONUNICODE-    ",0.00,,0.75,USD,"49,217.07",USD,,,,,,,,,,,,,,,,,,,,
"Jun 28, 2026","PURCHASE AT Grab ON Jun 28, 2026 04:20 PM PURCHASE# 42bcbc53af1560639889 APV 187016 ORIGINAL AMOUNT 1.78 USD REF# 100FT38139405068 ",0.00,,1.78,USD,"49,215.29",USD,,,,,,,,,,,,,,,,,,,,
"Jun 28, 2026","PURCHASE AT Grab ON Jun 28, 2026 05:29 PM PURCHASE# 4fdaabf299813cb6ce5d APV 668549 ORIGINAL AMOUNT 2.47 USD REF# 100FT38140219868 ",0.00,,2.47,USD,"49,212.82",USD,,,,,,,,,,,,,,,,,,,,
"Jun 28, 2026","PURCHASE AT YORK BRANDAIS ALEXIS ON Jun 28, 2026 06:28 PM ORIGINAL AMOUNT 2.00 USD REMARK: NONUNICODE-     REF# 100FT38140938594 PURCHASE# 178264612339621 APV 363873 ",0.00,,2.00,USD,"49,210.82",USD,,,,,,,,,,,,,,,,,,,,
"Jun 28, 2026","PURCHASE AT The Deck TTP by T.M ON Jun 28, 2026 06:48 PM ORIGINAL AMOUNT 1.50 USD REMARK: NONUNICODE-     REF# 100FT38141178975 PURCHASE# 178264731832605 APV 182353 ",0.00,,1.50,USD,"49,209.32",USD,,,,,,,,,,,,,,,,,,,,
"Jun 28, 2026","PURCHASE AT KONG CHHENGHEAK ON Jun 28, 2026 07:11 PM ORIGINAL AMOUNT 1.00 USD REMARK: NONUNICODE-     REF# 100FT38141441868 PURCHASE# 178264866766417 APV 263847 ",0.00,,1.00,USD,"49,208.32",USD,,,,,,,,,,,,,,,,,,,,
"Jun 28, 2026","PURCHASE AT Grab ON Jun 28, 2026 07:11 PM PURCHASE# 409393018cae9a2b33f2 APV 258345 ORIGINAL AMOUNT 2.60 USD REF# 100FT38141446526 ",0.00,,2.60,USD,"49,205.72",USD,,,,,,,,,,,,,,,,,,,,
"Jun 28, 2026","PURCHASE AT foodpanda ON Jun 28, 2026 07:33 PM PURCHASE# eaos-2626-9gfd APV 218232 ORIGINAL AMOUNT 8.17 USD REF# 100FT38141684818 ",0.00,,8.17,USD,"49,197.55",USD,,,,,,,,,,,,,,,,,,,,
"Jun 29, 2026","PURCHASE AT Grab ON Jun 29, 2026 09:42 AM PURCHASE# 43678b549c7f673f5670 APV 378276 ORIGINAL AMOUNT 2.30 USD REF# 100FT38145407487 ",0.00,,2.30,USD,"49,195.25",USD,,,,,,,,,,,,,,,,,,,,
"Jun 29, 2026","PURCHASE AT CHHMA CATFE ON Jun 29, 2026 10:22 AM BANK ACLEDA Bank Plc. ORIGINAL AMOUNT 351.00 USD  REF# 100FT38145793321 BAKONG# baf9f607 REMARK: NONUNICODE-    ",0.00,,351.00,USD,"48,844.25",USD,,,,,,,,,,,,,,,,,,,,
"Jun 29, 2026","PURCHASE AT Grab ON Jun 29, 2026 10:30 AM PURCHASE# 4931b4b60f9b75d61689 APV 315972 ORIGINAL AMOUNT 1.85 USD REF# 100FT38145867019 ",0.00,,1.85,USD,"48,842.40",USD,,,,,,,,,,,,,,,,,,,,
"Jun 29, 2026","PURCHASE AT Grab ON Jun 29, 2026 10:49 AM PURCHASE# 426bb256932146a85f1f APV 703280 ORIGINAL AMOUNT 1.55 USD REF# 100FT38146058877 ",0.00,,1.55,USD,"48,840.85",USD,,,,,,,,,,,,,,,,,,,,
"Jun 29, 2026","PURCHASE AT Mi Home Camko ON Jun 29, 2026 11:33 AM PURCHASE# 003227-CK-263334 APV 592257 ORIGINAL AMOUNT 191.20 USD REF# 100FT38146566738 ",0.00,,191.20,USD,"48,649.65",USD,,,,,,,,,,,,,,,,,,,,
"Jun 29, 2026","PURCHASE AT CMRT Toul Kork ON Jun 29, 2026 11:45 AM BANK Chip Mong Commercial Bank Plc. ORIGINAL AMOUNT 3.60 USD  REF# 100FT38146703775 BAKONG# 77012ff9 REMARK: NONUNICODE-    ",0.00,,3.60,USD,"48,646.05",USD,,,,,,,,,,,,,,,,,,,,
"Jun 29, 2026","PURCHASE AT BAYON MARKET TOUL KORK 1 ON Jun 29, 2026 12:00 PM ORIGINAL AMOUNT 6.50 USD REMARK: NONUNICODE-     REF# 100FT38146867667 PURCHASE# 178270920022415 APV 402185 ",0.00,,6.50,USD,"48,639.55",USD,,,,,,,,,,,,,,,,,,,,
"Jun 29, 2026","PURCHASE AT LUCKY TOUL KORK ON Jun 29, 2026 12:27 PM ORIGINAL AMOUNT 27.22 USD REMARK: NONUNICODE-     REF# 100FT38147159881 PURCHASE# 178271085584284 APV 482133 ",0.00,,27.22,USD,"48,612.33",USD,,,,,,,,,,,,,,,,,,,,
"Jun 29, 2026","PURCHASE AT THAI HUOT SUPERMARKET TK ON Jun 29, 2026 12:38 PM ORIGINAL AMOUNT 6.42 USD REMARK: NONUNICODE-     REF# 100FT38147274345 PURCHASE# 178271153823990 APV 106724 ",0.00,,6.42,USD,"48,605.91",USD,,,,,,,,,,,,,,,,,,,,
"Jun 29, 2026","FUNDS TRANSFERRED TO HONG SOKUN 013238910 ORIGINAL AMOUNT 266.00 USD REF# 100FT38147334996 ON Jun 29, 2026 12:45 PM REMARK: NONUNICODE-      ",0.00,,266.00,USD,"48,339.91",USD,,,,,,,,,,,,,,,,,,,,
"Jun 29, 2026","PURCHASE AT Grab ON Jun 29, 2026 04:06 PM PURCHASE# 4826a1c99a9f501cb12e APV 646359 ORIGINAL AMOUNT 17.81 USD REF# 100FT38149395725 ",0.00,,17.81,USD,"48,322.10",USD,,,,,,,,,,,,,,,,,,,,
"Jun 29, 2026","ATM CASH WITHDRAWAL FROM CARD# 51671700****1686 MASTER  ORIGINAL AMOUNT 1,000.00 USD AT ABA ATM TECHO INTERNATIONAL AIRPORT DEPTKandal Province,Taprum Village,Boeng Khyang Commune REF# 100CWA22618003H9 RRN# 001526624025 ON Jun 29, 2026 05:53 PM",0.00,,"1,000.00",USD,"47,322.10",USD,,,,,,,,,,,,,,,,,,,,
"Jun 30, 2026",PURCHASE AT BKG*HOTEL AT BOOKING.C (888)850-3958-No:714978764-M270626 NETHERLANDS BY ISLAS MARTIN ALEJANDRO CARD# 515683xxxxxx2199 Mastercard ON CAMBODIA TIME 26-JUN-26 ORIGINAL AMOUNT 13.86 USD AUTHORIZATION CODE# APV-592507 RRN# 1523637434  @CYBS_TRN,0.00,,13.86,USD,"47,308.24",USD,,,,,,,,,,,,,,,,,,,,
"Jun 30, 2026","PURCHASE AT Spotify P44095D2B5,Reg Stockholm-No:715828705-M290626 SWEDEN BY ISLAS MARTIN ALEJANDRO CARD# 515683xxxxxx2199 Mastercard ON CAMBODIA TIME 29-JUN-26 ORIGINAL AMOUNT 3.29 USD AUTHORIZATION CODE# APV-351071 RRN# 1526541363  @CYBS_TRN",0.00,,3.29,USD,"47,304.95",USD,,,,,,,,,,,,,,,,,,,,
"Jul 01, 2026","ANNUAL MAINTENANCE FEE FOR CARD# 516717xxxx1686 MC REF# 100FT38168394551 REMARK: (PAYROLL) ANNUAL FEE-MC DB STD(Jul16), valid till 30JUN2027/516717xxxx1686/ISLAS MARTIN ALEJANDRO/TWO ID:1/Doc.No:715784821-MC-30JUN2026/REF:9990306261590001",0.00,,2.50,USD,"47,302.45",USD,,,,,,,,,,,,,,,,,,,,
"Jul 02, 2026","PURCHASE AT BURGER KING 2,NA,KANDA KANDAL-No:716269444-M300626 CAMBODIA BY ISLAS MARTIN ALEJANDRO CARD# 516717xxxxxx1686 Mastercard ON CAMBODIA TIME 29-JUN-26 ORIGINAL AMOUNT 9.50 USD AUTHORIZATION CODE# APV-625340 RRN# 1526630434  @CYBS_TRN",0.00,,9.50,USD,"47,292.95",USD,,,,,,,,,,,,,,,,,,,,
"Jul 02, 2026","PURCHASE AT UNIFREE IST 8107   M,T ISTANBUL-No:716726225-M010726 TURKEY BY ISLAS MARTIN ALEJANDRO CARD# 516717xxxxxx1686 Mastercard ON CAMBODIA TIME 30-JUN-26 ORIGINAL AMOUNT 2,857.23 TRY AUTHORIZATION CODE# APV-395441 RRN# 1527721922  @CYBS_TRN",0.00,,62.87,USD,"47,230.08",USD,,,,,,,,,,,,,,,,,,,,
"Jul 03, 2026","CASH WITHDRAWAL BY ISLAS MARTIN ALEJANDRO CARD# 516717xxxxxx1686 TYPE Mastercard ORIGINAL AMOUNT 258.92 USD AT Gatwick Sth LS Arriva, Gatwick-No:717377733-M020726 TID 44112203 COUNTRY UNITED KINGDOM AUTH CODE APV-448173 ON CAMBODIA TIME 03-JUL-26 01-JUL-26 RRN# 1527901967 REF# 100FT38194594547 REMARK:ATM Cash WD/UNITED KINGDOM/Gatwick Sth LS Arriva,/Orig. clear. amount:USD258.92/Cambodia time:01.07.2026 05:00:33/5167 17xx xxxx 1686/TWO ID:1527901967/STL:30JUN2026/APV:448173/Doc.No:717377733-MC-DB-02JUL2026",0.00,,258.92,USD,"46,971.16",USD,,,,,,,,,,,,,,,,,,,,
"Jul 03, 2026","CROSS BORDER CASH WITHDRAWAL FEE CARD# 516717xxxxxx1686 Mastercard AT Gatwick Sth LS Arriva,  UNITED KINGDOM ORIGINAL AMOUNT 258.92 USD REF# 100FT38194594598 ON Jul 03, 2026 06:24 PM",0.00,,5.18,USD,"46,965.98",USD,,,,,,,,,,,,,,,,,,,,
"Jul 03, 2026","PURCHASE AT REY ORGANIK,TAYAKADIN ISTANBUL-No:717379188-M020726 TURKEY BY ISLAS MARTIN ALEJANDRO CARD# 516717xxxxxx1686 Mastercard ON CAMBODIA TIME 30-JUN-26 ORIGINAL AMOUNT 424.76 TRY AUTHORIZATION CODE# APV-630104 RRN# 1527774295  @CYBS_TRN",0.00,,9.34,USD,"46,956.64",USD,,,,,,,,,,,,,,,,,,,,
"Jul 03, 2026","PURCHASE AT TFL TRAVEL CH,VICTORIA TFL.GOV.UK/CP-No:717379865-M020726 UNITED KINGDOM BY ISLAS MARTIN ALEJANDRO CARD# 516717xxxxxx1686 Mastercard ON CAMBODIA TIME 02-JUL-26 ORIGINAL AMOUNT 20.00 GBP AUTHORIZATION CODE# APV-407974 RRN# 1529111489  @CYBS_TRN",0.00,,27.12,USD,"46,929.52",USD,,,,,,,,,,,,,,,,,,,,
"Jul 03, 2026",PURCHASE AT WH Smith Gatwick South London-No:717381045-M020726 UNITED KINGDOM BY ISLAS MARTIN ALEJANDRO CARD# 516717xxxxxx1686 Mastercard ON CAMBODIA TIME 01-JUL-26 ORIGINAL AMOUNT 3.99 GBP AUTHORIZATION CODE# APV-822905 RRN# 1527901210  @CYBS_TRN,0.00,,5.41,USD,"46,924.11",USD,,,,,,,,,,,,,,,,,,,,
"Jul 03, 2026","PURCHASE AT LS De munaciell ltd,19 London-No:717392090-M020726 UNITED KINGDOM BY ISLAS MARTIN ALEJANDRO CARD# 516717xxxxxx1686 Mastercard ON CAMBODIA TIME 02-JUL-26 ORIGINAL AMOUNT 42.28 GBP AUTHORIZATION CODE# APV-598612 RRN# 1528954654  @CYBS_TRN",0.00,,57.34,USD,"46,866.77",USD,,,,,,,,,,,,,,,,,,,,
"Jul 03, 2026","PURCHASE AT Lockside and 180 Club, London-No:717392147-M020726 UNITED KINGDOM BY ISLAS MARTIN ALEJANDRO CARD# 516717xxxxxx1686 Mastercard ON CAMBODIA TIME 01-JUL-26 ORIGINAL AMOUNT 24.61 USD AUTHORIZATION CODE# APV-430679 RRN# 1528819932  @CYBS_TRN",0.00,,24.61,USD,"46,842.16",USD,,,,,,,,,,,,,,,,,,,,
"Jul 03, 2026","PURCHASE AT Lockside and 180 Club, London-No:717392148-M020726 UNITED KINGDOM BY ISLAS MARTIN ALEJANDRO CARD# 516717xxxxxx1686 Mastercard ON CAMBODIA TIME 01-JUL-26 ORIGINAL AMOUNT 10.02 USD AUTHORIZATION CODE# APV-204642 RRN# 1528859441  @CYBS_TRN",0.00,,10.02,USD,"46,832.14",USD,,,,,,,,,,,,,,,,,,,,
"Jul 03, 2026","PURCHASE AT Lockside and 180 Club, London-No:717392149-M020726 UNITED KINGDOM BY ISLAS MARTIN ALEJANDRO CARD# 516717xxxxxx1686 Mastercard ON CAMBODIA TIME 02-JUL-26 ORIGINAL AMOUNT 48.55 USD AUTHORIZATION CODE# APV-285416 RRN# 1528891587  @CYBS_TRN",0.00,,48.55,USD,"46,783.59",USD,,,,,,,,,,,,,,,,,,,,
"Jul 06, 2026","PAYMENT TO Smart Mobile (PIN-less) 0968593594 ORIGINAL AMOUNT 6.00 USD REF# 100FT38219612917 EXT# 2422593151 ON Jul 06, 2026 08:39 AM REMARK:   ",0.00,,6.00,USD,"46,777.59",USD,,,,,,,,,,,,,,,,,,,,
"Jul 06, 2026","FUNDS RECEIVED FROM PHEUN SOKSERAMUNY (016 075 590) ORIGINAL AMOUNT 1,019.00 USD REF# 100FT38228156614 ON Jul 06, 2026 09:01 PM REMARK: NONUNICODE-ELT 2nd June 2026    ","1,019.00",USD,0.00,,"47,796.59",USD,,,,,,,,,,,,,,,,,,,,
"Jul 07, 2026","CROSS BORDER CASH WITHDRAWAL FEE CARD# 516717xxxxxx1686 Mastercard AT ChangeGroup Spitalfie,  UNITED KINGDOM ORIGINAL AMOUNT 240.64 USD REF# 100FT38231872904 ON Jul 07, 2026 10:52 AM",0.00,,5.00,USD,"47,791.59",USD,,,,,,,,,,,,,,,,,,,,
"Jul 07, 2026","CASH WITHDRAWAL BY ISLAS MARTIN ALEJANDRO CARD# 516717xxxxxx1686 TYPE Mastercard ORIGINAL AMOUNT 240.64 USD AT ChangeGroup Spitalfie, London, T:-No:718769730-M050726 TID 44212063 COUNTRY UNITED KINGDOM AUTH CODE APV-499455 ON CAMBODIA TIME 07-JUL-26 05-JUL-26 RRN# 1531753795 REF# 100FT38231872785 REMARK:ATM Cash WD/UNITED KINGDOM/ChangeGroup Spitalfie,/Orig. clear. amount:USD240.64/Cambodia time:05.07.2026 00:54:47/5167 17xx xxxx 1686/TWO ID:1531753795/STL:04JUL2026/APV:499455/Doc.No:718769730-MC-DB-05JUL2026",0.00,,240.64,USD,"47,550.95",USD,,,,,,,,,,,,,,,,,,,,
"Jul 07, 2026","PURCHASE AT POACHERS COTTAGE,STONE STOKE ON TREN-No:718186801-M040726 UNITED KINGDOM BY ISLAS MARTIN ALEJANDRO CARD# 516717xxxxxx1686 Mastercard ON CAMBODIA TIME 04-JUL-26 ORIGINAL AMOUNT 40.08 GBP AUTHORIZATION CODE# APV-672506 RRN# 1530923589  @CYBS_TRN",0.00,,54.73,USD,"47,496.22",USD,,,,,,,,,,,,,,,,,,,,
"Jul 07, 2026","PURCHASE AT TOBY TRENTHAM VILLAGE, STOKE 083135-No:718186807-M040726 UNITED KINGDOM BY ISLAS MARTIN ALEJANDRO CARD# 516717xxxxxx1686 Mastercard ON CAMBODIA TIME 04-JUL-26 ORIGINAL AMOUNT 8.35 GBP AUTHORIZATION CODE# APV-633310 RRN# 1530966967  @CYBS_TRN",0.00,,11.40,USD,"47,484.82",USD,,,,,,,,,,,,,,,,,,,,
"Jul 07, 2026","PURCHASE AT TOBY TRENTHAM VILLAGE, STOKE 083135-No:718186813-M040726 UNITED KINGDOM BY ISLAS MARTIN ALEJANDRO CARD# 516717xxxxxx1686 Mastercard ON CAMBODIA TIME 04-JUL-26 ORIGINAL AMOUNT 10.65 GBP AUTHORIZATION CODE# APV-802060 RRN# 1530990692  @CYBS_TRN",0.00,,14.55,USD,"47,470.27",USD,,,,,,,,,,,,,,,,,,,,
"Jul 07, 2026","PURCHASE AT TFL TRAVEL CH,VICTORIA TFL.GOV.UK/CP-No:718771963-M050726 UNITED KINGDOM BY ISLAS MARTIN ALEJANDRO CARD# 516717xxxxxx1686 Mastercard ON CAMBODIA TIME 05-JUL-26 ORIGINAL AMOUNT 31.20 GBP AUTHORIZATION CODE# APV-729184 RRN# 1531942935  @CYBS_TRN",0.00,,42.60,USD,"47,427.67",USD,,,,,,,,,,,,,,,,,,,,
"Jul 07, 2026","PURCHASE AT MOTO Greggs,Essington, 01922 412237-No:718772734-M050726 UNITED KINGDOM BY ISLAS MARTIN ALEJANDRO CARD# 516717xxxxxx1686 Mastercard ON CAMBODIA TIME 04-JUL-26 ORIGINAL AMOUNT 6.90 GBP AUTHORIZATION CODE# APV-149966 RRN# 1531541528  @CYBS_TRN",0.00,,9.42,USD,"47,418.25",USD,,,,,,,,,,,,,,,,,,,,
"Jul 07, 2026","PURCHASE AT TOBY TRENTHAM VILLAGE, STOKE 083135-No:718772740-M050726 UNITED KINGDOM BY ISLAS MARTIN ALEJANDRO CARD# 516717xxxxxx1686 Mastercard ON CAMBODIA TIME 04-JUL-26 ORIGINAL AMOUNT 20.96 GBP AUTHORIZATION CODE# APV-406822 RRN# 1531419456  @CYBS_TRN",0.00,,28.61,USD,"47,389.64",USD,,,,,,,,,,,,,,,,,,,,
"Jul 07, 2026","PURCHASE AT UBER   *TRIP,Aldgate T HELP.UBER.COM-No:718776587-M050726 UNITED KINGDOM BY ISLAS MARTIN ALEJANDRO CARD# 515683xxxxxx2199 Mastercard ON CAMBODIA TIME 04-JUL-26 ORIGINAL AMOUNT 25.95 GBP AUTHORIZATION CODE# APV-151051 RRN# 1531712147  @CYBS_TRN",0.00,,35.49,USD,"47,354.15",USD,,,,,,,,,,,,,,,,,,,,
"Jul 07, 2026","PURCHASE AT TESCO PFS 3712,LYSANDE MEIR-No:718193695-M040726 UNITED KINGDOM BY ISLAS MARTIN ALEJANDRO CARD# 516717xxxxxx1686 Mastercard ON CAMBODIA TIME 03-JUL-26 ORIGINAL AMOUNT 41.96 GBP AUTHORIZATION CODE# APV-075967 RRN# 1530884522  @CYBS_TRN",0.00,,57.30,USD,"47,296.85",USD,,,,,,,,,,,,,,,,,,,,
"Jul 08, 2026","PURCHASE AT JACKIES,ISTANBUL ISTANBUL-No:719408558-M070726 TURKEY BY ISLAS MARTIN ALEJANDRO CARD# 516717xxxxxx1686 Mastercard ON CAMBODIA TIME 06-JUL-26 ORIGINAL AMOUNT 620.00 TRY AUTHORIZATION CODE# APV-110893 RRN# 1532628911  @CYBS_TRN",0.00,,13.66,USD,"47,283.19",USD,,,,,,,,,,,,,,,,,,,,
"Jul 08, 2026","PURCHASE AT JACKIES,ISTANBUL ISTANBUL-No:719408563-M070726 TURKEY BY ISLAS MARTIN ALEJANDRO CARD# 516717xxxxxx1686 Mastercard ON CAMBODIA TIME 06-JUL-26 ORIGINAL AMOUNT 695.00 TRY AUTHORIZATION CODE# APV-182421 RRN# 1532685881  @CYBS_TRN",0.00,,15.31,USD,"47,267.88",USD,,,,,,,,,,,,,,,,,,,,
"Jul 08, 2026","PURCHASE AT GITHUB, INC.,88 Colin SAN FRANCISCO-No:719409319-M070726 UNITED STATES BY ISLAS MARTIN ALEJANDRO CARD# 516717xxxxxx1686 Mastercard ON CAMBODIA TIME 06-JUL-26 ORIGINAL AMOUNT 10.00 USD AUTHORIZATION CODE# APV-653286 RRN# 1533507316  @CYBS_TRN",0.00,,10.00,USD,"47,257.88",USD,,,,,,,,,,,,,,,,,,,,
"Jul 10, 2026","PURCHASE AT RENAPER MS,VUELTA DE O CAP.FEDERAL-No:719989599-M080726 ARGENTINA BY ISLAS MARTIN ALEJANDRO CARD# 516717xxxxxx1686 Mastercard ON CAMBODIA TIME 07-JUL-26 ORIGINAL AMOUNT 26,000.00 ARS AUTHORIZATION CODE# APV-693476 RRN# 1533700049  @CYBS_TRN",0.00,,18.55,USD,"47,239.33",USD,,,,,,,,,,,,,,,,,,,,
"Jul 14, 2026","PURCHASE AT GOOGLE*GOOGLE ONE,1600 MOUNTAIN VIEW-No:720794724-M100726 UNITED STATES BY ISLAS MARTIN ALEJANDRO CARD# 516717xxxxxx1686 Mastercard ON CAMBODIA TIME 09-JUL-26 ORIGINAL AMOUNT 3.29 USD AUTHORIZATION CODE# APV-235238 RRN# 1536106805  @CYBS_TRN",0.00,,3.29,USD,"47,236.04",USD,,,,,,,,,,,,,,,,,,,,
"Jul 17, 2026","PURCHASE AT CAFE DE LA U,AVENIDA T CAP.FEDERAL-No:723242816-M160726 ARGENTINA BY ISLAS MARTIN ALEJANDRO CARD# 516717xxxxxx1686 Mastercard ON CAMBODIA TIME 15-JUL-26 ORIGINAL AMOUNT 50,800.00 ARS AUTHORIZATION CODE# APV-105625 RRN# 1540975111  @CYBS_TRN",0.00,,36.33,USD,"47,199.71",USD,,,,,,,,,,,,,,,,,,,,
"Jul 20, 2026","FUNDS RECEIVED FROM PHEUN SOKSERAMUNY (016 075 590) ORIGINAL AMOUNT 1,250.00 USD REF# 100FT38380722918 ON Jul 20, 2026 08:32 PM REMARK: NONUNICODE-ELT 1st July 2026    ","1,250.00",USD,0.00,,"48,449.71",USD,,,,,,,,,,,,,,,,,,,,
"Jul 21, 2026","PURCHASE AT PAYU*AR*UBER,RONDEAU CAP.FEDERAL-No:723726158-M170726 ARGENTINA BY ISLAS MARTIN ALEJANDRO CARD# 515683xxxxxx2199 Mastercard ON CAMBODIA TIME 15-JUL-26 ORIGINAL AMOUNT 11,537.00 ARS AUTHORIZATION CODE# APV-283598 RRN# 1541048753  @CYBS_TRN",0.00,,8.27,USD,"48,441.44",USD,,,,,,,,,,,,,,,,,,,,
"Jul 21, 2026","PURCHASE AT PAYU*AR*UBER,RONDEAU CAP.FEDERAL-No:724505220-M190726 ARGENTINA BY ISLAS MARTIN ALEJANDRO CARD# 515683xxxxxx2199 Mastercard ON CAMBODIA TIME 17-JUL-26 ORIGINAL AMOUNT 14,332.00 ARS AUTHORIZATION CODE# APV-627724 RRN# 1542908529  @CYBS_TRN",0.00,,10.30,USD,"48,431.14",USD,,,,,,,,,,,,,,,,,,,,
"Jul 21, 2026","PURCHASE AT Netflix.com,9 Straits Los Gatos-No:724507413-M190726 SINGAPORE BY ISLAS MARTIN ALEJANDRO CARD# 515683xxxxxx2199 Mastercard ON CAMBODIA TIME 18-JUL-26 ORIGINAL AMOUNT 7.99 USD AUTHORIZATION CODE# APV-568017 RRN# 1544543297  @CYBS_TRN",0.00,,7.99,USD,"48,423.15",USD,,,,,,,,,,,,,,,,,,,,
"Jul 22, 2026","PURCHASE AT Cambodia e-Visa,PHNOM PHNOM PENH-No:724905241-M200726 CAMBODIA BY ISLAS MARTIN ALEJANDRO CARD# 516717xxxxxx1686 Mastercard ON CAMBODIA TIME 17-JUL-26 ORIGINAL AMOUNT 35.00 USD AUTHORIZATION CODE# APV-609705 RRN# 1543534873  @CYBS_TRN",0.00,,35.00,USD,"48,388.15",USD,,,,,,,,,,,,,,,,,,,,
"Jul 22, 2026","PURCHASE AT EMOVA SUBTE,GRAL BARTO CAP.FEDERAL-No:724910557-M200726 ARGENTINA BY ISLAS MARTIN ALEJANDRO CARD# 516717xxxxxx1686 Mastercard ON CAMBODIA TIME 19-JUL-26 ORIGINAL AMOUNT 1,621.00 ARS AUTHORIZATION CODE# APV-553813 RRN# 1544650686  @CYBS_TRN",0.00,,1.17,USD,"48,386.98",USD,,,,,,,,,,,,,,,,,,,,
"Jul 22, 2026","PURCHASE AT PAYU*AR*UBER,RONDEAU CAP.FEDERAL-No:724910564-M200726 ARGENTINA BY ISLAS MARTIN ALEJANDRO CARD# 515683xxxxxx2199 Mastercard ON CAMBODIA TIME 17-JUL-26 ORIGINAL AMOUNT 717.00 ARS AUTHORIZATION CODE# APV-137751 RRN# 1542944679  @CYBS_TRN",0.00,,0.51,USD,"48,386.47",USD,,,,,,,,,,,,,,,,,,,,
"Jul 23, 2026","PURCHASE AT PAYU*AR*UBER,RONDEAU CAP.FEDERAL-No:725316278-M210726 ARGENTINA BY ISLAS MARTIN ALEJANDRO CARD# 515683xxxxxx2199 Mastercard ON CAMBODIA TIME 19-JUL-26 ORIGINAL AMOUNT 9,568.00 ARS AUTHORIZATION CODE# APV-297295 RRN# 1544868965  @CYBS_TRN",0.00,,6.91,USD,"48,379.56",USD,,,,,,,,,,,,,,,,,,,,
"Jul 23, 2026","PURCHASE AT BARRIO LATINO SPORT,CA SAN MARTIN-No:725318404-M210726 ARGENTINA BY ISLAS MARTIN ALEJANDRO CARD# 516717xxxxxx1686 Mastercard ON CAMBODIA TIME 21-JUL-26 ORIGINAL AMOUNT 29,999.00 ARS AUTHORIZATION CODE# APV-830388 RRN# 1546386135  @CYBS_TRN",0.00,,21.62,USD,"48,357.94",USD,,,,,,,,,,,,,,,,,,,,
"Jul 23, 2026","PURCHASE AT Spotify P44CE23D2A,Reg Stockholm-No:725318548-M210726 SWEDEN BY ISLAS MARTIN ALEJANDRO CARD# 515683xxxxxx2199 Mastercard ON CAMBODIA TIME 21-JUL-26 ORIGINAL AMOUNT 3.29 USD AUTHORIZATION CODE# APV-893580 RRN# 1546820369  @CYBS_TRN",0.00,,3.29,USD,"48,354.65",USD,,,,,,,,,,,,,,,,,,,,
"Jul 25, 2026","PAYMENT TO Smart Mobile (PIN-less) 0968593594 ORIGINAL AMOUNT 6.00 USD REF# 100FT38429915978 EXT# 2436026843 ON Jul 25, 2026 03:37 PM REMARK:   ",0.00,,6.00,USD,"48,348.65",USD,,,,,,,,,,,,,,,,,,,,
"Jul 25, 2026","FUNDS TRANSFERRED TO TOUCH SARORN 004297842 ORIGINAL AMOUNT 20.00 USD REF# 100FT38431015344 ON Jul 25, 2026 04:55 PM REMARK: NONUNICODE-      ",0.00,,20.00,USD,"48,328.65",USD,,,,,,,,,,,,,,,,,,,,
"Jul 25, 2026","PURCHASE AT Grab ON Jul 25, 2026 05:20 PM PURCHASE# 4102ad63e4f6f9416203 APV 998642 ORIGINAL AMOUNT 2.22 USD REF# 100FT38431413732 ",0.00,,2.22,USD,"48,326.43",USD,,,,,,,,,,,,,,,,,,,,
"Jul 25, 2026","PURCHASE AT MINI BIG C N MUSEUM SH24 ON Jul 25, 2026 05:51 PM BANK ACLEDA Bank Plc. ORIGINAL AMOUNT 2.13 USD  REF# 100FT38431887992 BAKONG# eead0190 REMARK: NONUNICODE-    ",0.00,,2.13,USD,"48,324.30",USD,,,,,,,,,,,,,,,,,,,,
"Jul 25, 2026","PURCHASE AT U CARE SOTHEAROS A ON Jul 25, 2026 05:55 PM ORIGINAL AMOUNT 13.75 USD REMARK: NONUNICODE-     REF# 100FT38431952940 PURCHASE# 0021351-265510 APV 909441 ",0.00,,13.75,USD,"48,310.55",USD,,,,,,,,,,,,,,,,,,,,
"Jul 25, 2026","PURCHASE AT Grab ON Jul 25, 2026 06:00 PM PURCHASE# 43a39b2e0eb2f336ff67 APV 212726 ORIGINAL AMOUNT 2.39 USD REF# 100FT38432030227 ",0.00,,2.39,USD,"48,308.16",USD,,,,,,,,,,,,,,,,,,,,
"Jul 25, 2026","PURCHASE AT SUPER DUPER 05 ON Jul 25, 2026 06:49 PM ORIGINAL AMOUNT 10.79 USD REMARK: NONUNICODE-     REF# 100FT38432748239 PURCHASE# 178498017470460 APV 990415 ",0.00,,10.79,USD,"48,297.37",USD,,,,,,,,,,,,,,,,,,,,
"Jul 25, 2026","PURCHASE AT RANJIT KUMAR RAMANKUTTY N ON Jul 25, 2026 06:59 PM BANK Wing Bank (Cambodia) Plc ORIGINAL AMOUNT 6.75 USD  REF# 100FT38432884290 BAKONG# 10da3689 REMARK: NONUNICODE-    ",0.00,,6.75,USD,"48,290.62",USD,,,,,,,,,,,,,,,,,,,,
"Jul 26, 2026","PURCHASE AT CMRT Toul Kork ON Jul 26, 2026 02:17 PM BANK Chip Mong Commercial Bank Plc. ORIGINAL AMOUNT 0.65 USD  REF# 100FT38440134088 BAKONG# f210146b REMARK: NONUNICODE-    ",0.00,,0.65,USD,"48,289.97",USD,,,,,,,,,,,,,,,,,,,,
"Jul 26, 2026","PURCHASE AT PHARMACIE PI ON Jul 26, 2026 02:30 PM ORIGINAL AMOUNT 1.12 USD REMARK: NONUNICODE-     REF# 100FT38440257824 PURCHASE# 178505101386017 APV 805576 ",0.00,,1.12,USD,"48,288.85",USD,,,,,,,,,,,,,,,,,,,,
"Jul 26, 2026","PURCHASE AT PASTA CORNER SEN SOK ON Jul 26, 2026 07:48 PM ORIGINAL AMOUNT 7.56 USD REMARK: NONUNICODE-     REF# 100FT38444040470 PURCHASE# 178507011557302 APV 610413 ",0.00,,7.56,USD,"48,281.29",USD,,,,,,,,,,,,,,,,,,,,
"Jul 27, 2026",PURCHASE AT UBER *TRIP HELP.UBER.C help.uber.com-No:726635679-M240726 NETHERLANDS BY ISLAS MARTIN ALEJANDRO CARD# 515683xxxxxx2199 Mastercard ON CAMBODIA TIME 24-JUL-26 ORIGINAL AMOUNT 992.08 TRY AUTHORIZATION CODE# APV-625373 RRN# 1549677176  @CYBS_TRN,0.00,,21.59,USD,"48,259.70",USD,,,,,,,,,,,,,,,,,,,,
"Jul 27, 2026","PURCHASE AT AUTENTICA DESPENSA,RIC PROV BS AIRES-No:726639244-M240726 ARGENTINA BY ISLAS MARTIN ALEJANDRO CARD# 516717xxxxxx1686 Mastercard ON CAMBODIA TIME 23-JUL-26 ORIGINAL AMOUNT 6,900.00 ARS AUTHORIZATION CODE# APV-688841 RRN# 1548385388  @CYBS_TRN",0.00,,4.97,USD,"48,254.73",USD,,,,,,,,,,,,,,,,,,,,
"Jul 27, 2026","PURCHASE AT Grab ON Jul 27, 2026 12:27 PM PURCHASE# 4b54bbcb0b68774925ed APV 405778 ORIGINAL AMOUNT 7.25 USD REF# 100FT38449536696 ",0.00,,7.25,USD,"48,247.48",USD,,,,,,,,,,,,,,,,,,,,
"Jul 27, 2026","PURCHASE AT CHHEANG PORCHOU ON Jul 27, 2026 06:38 PM ORIGINAL AMOUNT 19.00 USD REMARK: NONUNICODE-     REF# 100FT38454065769 PURCHASE# 178515230524724 APV 945621 ",0.00,,19.00,USD,"48,228.48",USD,,,,,,,,,,,,,,,,,,,,
"Jul 27, 2026","PURCHASE AT CALTEX INDRADEVI 2 ON Jul 27, 2026 06:43 PM BANK KB PRASAC Bank Plc ORIGINAL AMOUNT 4.01 USD  REF# 100FT38454130254 BAKONG# d84d5a33 REMARK: NONUNICODE-    ",0.00,,4.01,USD,"48,224.47",USD,,,,,,,,,,,,,,,,,,,,
"Jul 27, 2026","PURCHASE AT SUPER DUPER 05 ON Jul 27, 2026 07:02 PM ORIGINAL AMOUNT 38.63 USD REMARK: NONUNICODE-     REF# 100FT38454387338 PURCHASE# 178515374034380 APV 552985 ",0.00,,38.63,USD,"48,185.84",USD,,,,,,,,,,,,,,,,,,,,
"Jul 28, 2026","PURCHASE AT UNIFREE IST 8118   P,I Istanbul-No:727103241-M250726 TURKEY BY ISLAS MARTIN ALEJANDRO CARD# 516717xxxxxx1686 Mastercard ON CAMBODIA TIME 25-JUL-26 ORIGINAL AMOUNT 1,089.22 TRY AUTHORIZATION CODE# APV-945402 RRN# 1550098897  @CYBS_TRN",0.00,,23.66,USD,"48,162.18",USD,,,,,,,,,,,,,,,,,,,,
"Jul 28, 2026","PURCHASE AT CARLS JR,TAYAKADIN MAH ISTANBUL-No:727104536-M250726 TURKEY BY ISLAS MARTIN ALEJANDRO CARD# 516717xxxxxx1686 Mastercard ON CAMBODIA TIME 25-JUL-26 ORIGINAL AMOUNT 1,090.00 TRY AUTHORIZATION CODE# APV-875071 RRN# 1550076096  @CYBS_TRN",0.00,,23.67,USD,"48,138.51",USD,,,,,,,,,,,,,,,,,,,,
"Jul 28, 2026",PURCHASE AT SIRVAN SOFRASI LOKANTA ISTANBUL-No:727113726-M250726 TURKEY BY ISLAS MARTIN ALEJANDRO CARD# 516717xxxxxx1686 Mastercard ON CAMBODIA TIME 24-JUL-26 ORIGINAL AMOUNT 350.00 TRY AUTHORIZATION CODE# APV-415331 RRN# 1549802942  @CYBS_TRN,0.00,,7.60,USD,"48,130.91",USD,,,,,,,,,,,,,,,,,,,,
"Jul 28, 2026","PURCHASE AT UBER   *TRIP,Mr Treubl HELP.UBER.COM-No:727113980-M250726 NETHERLANDS BY ISLAS MARTIN ALEJANDRO CARD# 515683xxxxxx2199 Mastercard ON CAMBODIA TIME 24-JUL-26 ORIGINAL AMOUNT 1,151.00 TRY AUTHORIZATION CODE# APV-936985 RRN# 1549835980  @CYBS_TRN",0.00,,25.05,USD,"48,105.86",USD,,,,,,,,,,,,,,,,,,,,
"Jul 28, 2026","PURCHASE AT Grab ON Jul 28, 2026 07:07 PM PURCHASE# 48738385e8fb480b0b94 APV 814376 ORIGINAL AMOUNT 3.28 USD REF# 100FT38464880031 ",0.00,,3.28,USD,"48,102.58",USD,,,,,,,,,,,,,,,,,,,,
"Jul 28, 2026","FUNDS TRANSFERRED TO HASENKAM DANIEL COLIN 013992628 ORIGINAL AMOUNT 5.50 USD REF# 100FT38465973543 ON Jul 28, 2026 09:05 PM REMARK: NONUNICODE-      ",0.00,,5.50,USD,"48,097.08",USD,,,,,,,,,,,,,,,,,,,,
"Jul 28, 2026","PURCHASE AT Grab ON Jul 28, 2026 09:11 PM PURCHASE# 450199c3762bab13149f APV 602004 ORIGINAL AMOUNT 1.54 USD REF# 100FT38466014950 ",0.00,,1.54,USD,"48,095.54",USD,,,,,,,,,,,,,,,,,,,,
"Jul 28, 2026","REFUND BY Grab ORIGINAL AMOUNT 6,200.00 KHR ON Jul 28, 2026 09:12 PM REF# 100FT38466016334 REMARK |APV:602004|Purchase #:450199c3762bab13149f",1.54,USD,0.00,,"48,097.08",USD,,,,,,,,,,,,,,,,,,,,
"Jul 28, 2026","PURCHASE AT SULUDAG SELIM ON Jul 28, 2026 09:29 PM ORIGINAL AMOUNT 3.00 USD REMARK: NONUNICODE-     REF# 100FT38466121353 PURCHASE# 178524896560212 APV 862001 ",0.00,,3.00,USD,"48,094.08",USD,,,,,,,,,,,,,,,,,,,,
"Jul 29, 2026","PURCHASE AT The Deck TTP by T.M ON Jul 28, 2026 11:17 PM ORIGINAL AMOUNT 14.50 USD REMARK: NONUNICODE-     REF# 100FT38466661175 PURCHASE# 178525543759688 APV 468928 ",0.00,,14.50,USD,"48,079.58",USD,,,,,,,,,,,,,,,,,,,,
"Jul 29, 2026","PURCHASE AT Grab ON Jul 28, 2026 11:34 PM PURCHASE# 4d65b3de4cad1aacb929 APV 582121 ORIGINAL AMOUNT 2.66 USD REF# 100FT38466703943 ",0.00,,2.66,USD,"48,076.92",USD,,,,,,,,,,,,,,,,,,,,
"Jul 29, 2026","PURCHASE AT JAVA Cafe TK ON Jul 29, 2026 05:30 PM BANK Phillip Bank Plc ORIGINAL AMOUNT 7.13 USD  REF# 100FT38473807523 BAKONG# f343515f REMARK: NONUNICODE-    ",0.00,,7.13,USD,"48,069.79",USD,,,,,,,,,,,,,,,,,,,,
"Jul 29, 2026","PURCHASE AT WINSOU 598 ON Jul 29, 2026 05:50 PM ORIGINAL AMOUNT 4.84 USD REMARK: NONUNICODE-     REF# 100FT38474078624 PURCHASE# 59826072917502628 APV 868960 ",0.00,,4.84,USD,"48,064.95",USD,,,,,,,,,,,,,,,,,,,,
"Jul 30, 2026","PURCHASE AT foodpanda ON Jul 30, 2026 08:53 AM PURCHASE# nyss-2631-z0l5 APV 457030 ORIGINAL AMOUNT 5.73 USD REF# 100FT38478408309 ",0.00,,5.73,USD,"48,059.22",USD,,,,,,,,,,,,,,,,,,,,
"Jul 30, 2026","PURCHASE AT Moun Dany ON Jul 30, 2026 02:29 PM BANK ACLEDA Bank Plc. ORIGINAL AMOUNT 5,500.00 KHR  REF# 100FT38481823716 BAKONG# 36423e3a REMARK: NONUNICODE-    ",0.00,,1.37,USD,"48,057.85",USD,,,,,,,,,,,,,,,,,,,,
"Jul 30, 2026","PURCHASE AT DOUBLE H SPORT ON Jul 30, 2026 03:12 PM ORIGINAL AMOUNT 12.00 USD REMARK: NONUNICODE-     REF# 100FT38482267808 PURCHASE# 178539913928178 APV 640894 ",0.00,,12.00,USD,"48,045.85",USD,,,,,,,,,,,,,,,,,,,,
"Jul 30, 2026","PURCHASE AT សុង ចាន់ធី ON Jul 30, 2026 03:14 PM BANK ACLEDA Bank Plc. ORIGINAL AMOUNT 2,500.00 KHR  REF# 100FT38482287174 BAKONG# d30f75f8 REMARK: NONUNICODE-    ",0.00,,0.63,USD,"48,045.22",USD,,,,,,,,,,,,,,,,,,,,
"Jul 30, 2026","PURCHASE AT Grab ON Jul 30, 2026 09:33 PM PURCHASE# 4b7b9c0475e8a48c7ccb APV 885749 ORIGINAL AMOUNT 2.67 USD REF# 100FT38486379602 ",0.00,,2.67,USD,"48,042.55",USD,,,,,,,,,,,,,,,,,,,,
"Jul 31, 2026","PURCHASE AT MINI BIG C P KANDAL(SH03) ON Jul 31, 2026 12:09 PM BANK ACLEDA Bank Plc. ORIGINAL AMOUNT 2.13 USD  REF# 100FT38490879540 BAKONG# d3974874 REMARK: NONUNICODE-    ",0.00,,2.13,USD,"48,040.42",USD,,,,,,,,,,,,,,,,,,,,
"Jul 31, 2026","PURCHASE AT SUPER DUPER 05 ON Jul 31, 2026 05:44 PM ORIGINAL AMOUNT 22.69 USD REMARK: NONUNICODE-     REF# 100FT38494896680 PURCHASE# 178549469935823 APV 352069 ",0.00,,22.69,USD,"48,017.73",USD,,,,,,,,,,,,,,,,,,,,
"Aug 01, 2026","FUNDS TRANSFERRED TO SIMON DAVID MAXWELL 000249344 ORIGINAL AMOUNT 6.00 USD REF# 100FT38502573257 ON Aug 01, 2026 12:37 PM REMARK: NONUNICODE-      ",0.00,,6.00,USD,"48,011.73",USD,,,,,,,,,,,,,,,,,,,,
"Aug 01, 2026","PURCHASE AT foodpanda ON Aug 01, 2026 02:25 PM PURCHASE# nyss-2631-wi94 APV 862753 ORIGINAL AMOUNT 5.70 USD REF# 100FT38503755800 ",0.00,,5.70,USD,"48,006.03",USD,,,,,,,,,,,,,,,,,,,,
"Aug 01, 2026","PURCHASE AT Grab ON Aug 01, 2026 06:33 PM PURCHASE# 47e69b404d3112377368 APV 228934 ORIGINAL AMOUNT 2.59 USD REF# 100FT38506887817 ",0.00,,2.59,USD,"48,003.44",USD,,,,,,,,,,,,,,,,,,,,
"Aug 01, 2026","PURCHASE AT MALOOP ON Aug 01, 2026 07:51 PM BANK ACLEDA Bank Plc. ORIGINAL AMOUNT 13.50 USD  REF# 100FT38507819211 BAKONG# 2a7c8471 REMARK: NONUNICODE-    ",0.00,,13.50,USD,"47,989.94",USD,,,,,,,,,,,,,,,,,,,,
"Aug 01, 2026","FUNDS TRANSFERRED TO RYAN JOHN JOSEPH 014240556 ORIGINAL AMOUNT 4.00 USD REF# 100FT38508024373 ON Aug 01, 2026 08:10 PM REMARK: NONUNICODE-      ",0.00,,4.00,USD,"47,985.94",USD,,,,,,,,,,,,,,,,,,,,
"Aug 01, 2026","FUNDS TRANSFERRED TO RYAN JOHN JOSEPH 014240556 ORIGINAL AMOUNT 8.50 USD REF# 100FT38508839590 ON Aug 01, 2026 09:51 PM REMARK: NONUNICODE-      ",0.00,,8.50,USD,"47,977.44",USD,,,,,,,,,,,,,,,,,,,,
"Aug 02, 2026","PURCHASE AT Grab ON Aug 01, 2026 10:33 PM PURCHASE# 41f3ab24a76084c1ce1b APV 884047 ORIGINAL AMOUNT 3.73 USD REF# 100FT38509059129 ",0.00,,3.73,USD,"47,973.71",USD,,,,,,,,,,,,,,,,,,,,
"Aug 02, 2026","REFUND BY Grab ORIGINAL AMOUNT 15,000.00 KHR ON Aug 01, 2026 10:33 PM REF# 100FT38509059931 REMARK |APV:884047|Purchase #:41f3ab24a76084c1ce1b",3.73,USD,0.00,,"47,977.44",USD,,,,,,,,,,,,,,,,,,,,
"Aug 02, 2026","PURCHASE AT Grab ON Aug 01, 2026 10:34 PM PURCHASE# 41da90d689dc26d79848 APV 400436 ORIGINAL AMOUNT 3.73 USD REF# 100FT38509061737 ",0.00,,3.73,USD,"47,973.71",USD,,,,,,,,,,,,,,,,,,,,
"Aug 02, 2026","PURCHASE AT DUPLEX BELGIAN TAVERN ON Aug 01, 2026 10:58 PM ORIGINAL AMOUNT 4.00 USD REMARK: NONUNICODE-     REF# 100FT38509160087 PURCHASE# 178559990561953 APV 100654 ",0.00,,4.00,USD,"47,969.71",USD,,,,,,,,,,,,,,,,,,,,
"Aug 02, 2026","PURCHASE AT KONG PHEAKDEY ON Aug 01, 2026 11:08 PM ORIGINAL AMOUNT 16.00 USD REMARK: NONUNICODE-     REF# 100FT38509195437 PURCHASE# 178560048468959 APV 625337 ",0.00,,16.00,USD,"47,953.71",USD,,,,,,,,,,,,,,,,,,,,
"Aug 02, 2026","PURCHASE AT KONG PHEAKDEY ON Aug 01, 2026 11:10 PM ORIGINAL AMOUNT 4.50 USD REMARK: NONUNICODE-     REF# 100FT38509202300 PURCHASE# 178560060357056 APV 391435 ",0.00,,4.50,USD,"47,949.21",USD,,,,,,,,,,,,,,,,,,,,
"Aug 02, 2026","PURCHASE AT Grab ON Aug 01, 2026 11:23 PM PURCHASE# 453a80c571693f57f43f APV 782372 ORIGINAL AMOUNT 2.86 USD REF# 100FT38509248858 ",0.00,,2.86,USD,"47,946.35",USD,,,,,,,,,,,,,,,,,,,,
"Aug 02, 2026","PURCHASE AT Nov Soeya ON Aug 02, 2026 04:54 PM BANK ACLEDA Bank Plc. ORIGINAL AMOUNT 17,000.00 KHR  REF# 100FT38516430514 BAKONG# 3dcb6788 REMARK: NONUNICODE-    ",0.00,,4.22,USD,"47,942.13",USD,,,,,,,,,,,,,,,,,,,,
"Aug 02, 2026","PURCHASE AT SUPER DUPER 05 ON Aug 02, 2026 05:09 PM ORIGINAL AMOUNT 26.44 USD REMARK: NONUNICODE-     REF# 100FT38516627132 PURCHASE# 178566539334102 APV 506927 ",0.00,,26.44,USD,"47,915.69",USD,,,,,,,,,,,,,,,,,,,,
"Aug 02, 2026","PURCHASE AT Grab ON Aug 02, 2026 06:38 PM PURCHASE# 4ad98cb4a537dd74c03f APV 304597 ORIGINAL AMOUNT 2.16 USD REF# 100FT38517843942 ",0.00,,2.16,USD,"47,913.53",USD,,,,,,,,,,,,,,,,,,,,
"Aug 02, 2026","FUNDS TRANSFERRED TO HASENKAM DANIEL COLIN 013992628 ORIGINAL AMOUNT 24.00 USD REF# 100FT38519426812 ON Aug 02, 2026 09:01 PM REMARK: NONUNICODE-      ",0.00,,24.00,USD,"47,889.53",USD,,,,,,,,,,,,,,,,,,,,
"Aug 02, 2026","PURCHASE AT Grab ON Aug 02, 2026 09:02 PM PURCHASE# 45658da3e7965791777f APV 187253 ORIGINAL AMOUNT 2.31 USD REF# 100FT38519438729 ",0.00,,2.31,USD,"47,887.22",USD,,,,,,,,,,,,,,,,,,,,
"Aug 03, 2026","PURCHASE AT VONG THARY ON Aug 03, 2026 03:02 PM ORIGINAL AMOUNT 1.99 USD REMARK: NONUNICODE-     REF# 100FT38526142860 PURCHASE# 178574414988456 APV 387095 ",0.00,,1.99,USD,"47,885.23",USD,,,,,,,,,,,,,,,,,,,,
"Aug 03, 2026","FUNDS TRANSFERRED TO HONG SOKUN 013238910 ORIGINAL AMOUNT 242.50 USD REF# 100FT38528115039 ON Aug 03, 2026 05:30 PM REMARK: NONUNICODE-      ",0.00,,242.50,USD,"47,642.73",USD,,,,,,,,,,,,,,,,,,,,
"Aug 03, 2026","PURCHASE AT Grab ON Aug 03, 2026 06:50 PM PURCHASE# 4e368347b34324783c8a APV 182761 ORIGINAL AMOUNT 2.51 USD REF# 100FT38529238500 ",0.00,,2.51,USD,"47,640.22",USD,,,,,,,,,,,,,,,,,,,,
"Aug 03, 2026","PURCHASE AT IN SARAN ON Aug 03, 2026 08:01 PM ORIGINAL AMOUNT 2.00 USD REMARK: NONUNICODE-     REF# 100FT38530147022 PURCHASE# 178576210654291 APV 936522 ",0.00,,2.00,USD,"47,638.22",USD,,,,,,,,,,,,,,,,,,,,
"Aug 03, 2026","FUNDS TRANSFERRED TO HASENKAM DANIEL COLIN 013992628 ORIGINAL AMOUNT 20.00 USD REF# 100FT38530659563 ON Aug 03, 2026 08:52 PM REMARK: NONUNICODE-      ",0.00,,20.00,USD,"47,618.22",USD,,,,,,,,,,,,,,,,,,,,
"Aug 03, 2026","PURCHASE AT Grab ON Aug 03, 2026 08:53 PM PURCHASE# 41e9b7c661aef578a692 APV 598632 ORIGINAL AMOUNT 2.71 USD REF# 100FT38530663441 ",0.00,,2.71,USD,"47,615.51",USD,,,,,,,,,,,,,,,,,,,,
"Aug 04, 2026","PURCHASE AT meyheak by H.MEY ON Aug 04, 2026 01:13 PM ORIGINAL AMOUNT 1.00 USD REMARK: NONUNICODE-     REF# 100FT38536057776 PURCHASE# 178582399499308 APV 406921 ",0.00,,1.00,USD,"47,614.51",USD,,,,,,,,,,,,,,,,,,,,
"Aug 04, 2026","PURCHASE AT CHEFS KEBAP by M.J ON Aug 04, 2026 01:30 PM ORIGINAL AMOUNT 3.50 USD REMARK: NONUNICODE-     REF# 100FT38536231633 PURCHASE# 178582504293616 APV 429419 ",0.00,,3.50,USD,"47,611.01",USD,,,,,,,,,,,,,,,,,,,,
"Aug 04, 2026","PURCHASE AT YON VANNA ON Aug 04, 2026 01:47 PM ORIGINAL AMOUNT 1.74 USD REMARK: NONUNICODE-     REF# 100FT38536391282 PURCHASE# 178582602973144 APV 832403 ",0.00,,1.74,USD,"47,609.27",USD,,,,,,,,,,,,,,,,,,,,
"Aug 04, 2026","PURCHASE AT Grab ON Aug 04, 2026 08:54 PM PURCHASE# 4da3af916f0111f3e8bd APV 244855 ORIGINAL AMOUNT 2.55 USD REF# 100FT38541459799 ",0.00,,2.55,USD,"47,606.72",USD,,,,,,,,,,,,,,,,,,,,
"Aug 04, 2026","PURCHASE AT world.taobao.com,RUE D LUXEMBOURG-No:730063274-M010826 LUXEMBOURG BY ISLAS MARTIN ALEJANDRO CARD# 516717xxxxxx1686 Mastercard ON CAMBODIA TIME 01-AUG-26 ORIGINAL AMOUNT 3.52 USD AUTHORIZATION CODE# APV-677563 RRN# 1556661149  @CYBS_TRN",0.00,,3.52,USD,"47,603.20",USD,,,,,,,,,,,,,,,,,,,,
"Aug 04, 2026","PURCHASE AT world.taobao.com,RUE D LUXEMBOURG-No:730063621-M010826 LUXEMBOURG BY ISLAS MARTIN ALEJANDRO CARD# 516717xxxxxx1686 Mastercard ON CAMBODIA TIME 01-AUG-26 ORIGINAL AMOUNT 2.64 USD AUTHORIZATION CODE# APV-904348 RRN# 1556659678  @CYBS_TRN",0.00,,2.64,USD,"47,600.56",USD,,,,,,,,,,,,,,,,,,,,
"Aug 04, 2026","PURCHASE AT world.taobao.com,RUE D LUXEMBOURG-No:730063624-M010826 LUXEMBOURG BY ISLAS MARTIN ALEJANDRO CARD# 516717xxxxxx1686 Mastercard ON CAMBODIA TIME 01-AUG-26 ORIGINAL AMOUNT 37.06 USD AUTHORIZATION CODE# APV-086719 RRN# 1556658792  @CYBS_TRN",0.00,,37.06,USD,"47,563.50",USD,,,,,,,,,,,,,,,,,,,,
"Aug 05, 2026","PURCHASE AT The Deck TTP by T.M ON Aug 04, 2026 11:13 PM ORIGINAL AMOUNT 14.00 USD REMARK: NONUNICODE-     REF# 100FT38542175977 PURCHASE# 178585999467386 APV 123647 ",0.00,,14.00,USD,"47,549.50",USD,,,,,,,,,,,,,,,,,,,,
"Aug 05, 2026","PURCHASE AT Grab ON Aug 04, 2026 12:11 AM PURCHASE# 49fe8c40eda3ff1ff6f4 APV 159586 ORIGINAL AMOUNT 2.63 USD REF# 100FT38542309340 ",0.00,,2.63,USD,"47,546.87",USD,,,,,,,,,,,,,,,,,,,,
"Aug 05, 2026","PURCHASE AT The Deck TTP by T.M ON Aug 04, 2026 12:13 AM ORIGINAL AMOUNT 3.00 USD REMARK: NONUNICODE-     REF# 100FT38542313228 PURCHASE# 178586363952969 APV 925887 ",0.00,,3.00,USD,"47,543.87",USD,,,,,,,,,,,,,,,,,,,,
"Aug 05, 2026","PURCHASE AT E Coffee by V.SOK ON Aug 05, 2026 09:43 AM ORIGINAL AMOUNT 3.70 USD REMARK: NONUNICODE-     REF# 100FT38544489283 PURCHASE# 1785897798528811 APV 774010 ",0.00,,3.70,USD,"47,540.17",USD,,,,,,,,,,,,,,,,,,,,
"Aug 05, 2026","FUNDS TRANSFERRED TO SCHAAF JR ALBERT LAWRENCE AND POEUN SITHA 014388054 ORIGINAL AMOUNT 5.75 USD REF# 100FT38546782796 ON Aug 05, 2026 12:57 PM REMARK: NONUNICODE-      ",0.00,,5.75,USD,"47,534.42",USD,,,,,,,,,,,,,,,,,,,,
"Aug 05, 2026","PURCHASE AT YON VANNA ON Aug 05, 2026 01:16 PM ORIGINAL AMOUNT 1.74 USD REMARK: NONUNICODE-     REF# 100FT38546990258 PURCHASE# 178591061636163 APV 495859 ",0.00,,1.74,USD,"47,532.68",USD,,,,,,,,,,,,,,,,,,,,
"Aug 05, 2026","PURCHASE AT world.taobao.com,RUE D LUXEMBOURG-No:730379131-M020826 LUXEMBOURG BY ISLAS MARTIN ALEJANDRO CARD# 516717xxxxxx1686 Mastercard ON CAMBODIA TIME 02-AUG-26 ORIGINAL AMOUNT 6.89 USD AUTHORIZATION CODE# APV-902250 RRN# 1557682208  @CYBS_TRN",0.00,,6.89,USD,"47,525.79",USD,,,,,,,,,,,,,,,,,,,,
"Aug 05, 2026","FUNDS RECEIVED FROM PHEUN SOKSERAMUNY (016 075 590) ORIGINAL AMOUNT 1,018.57 USD REF# 100FT38552586821 ON Aug 05, 2026 08:39 PM REMARK: NONUNICODE-ELT July 2nd 2026    ","1,018.57",USD,0.00,,"48,544.36",USD,,,,,,,,,,,,,,,,,,,,
"Aug 06, 2026","FUNDS TRANSFERRED TO WELLS BENJAMIN LEE 016537682 ORIGINAL AMOUNT 7.50 USD REF# 100FT38558587042 ON Aug 06, 2026 01:23 PM REMARK: NONUNICODE-      ",0.00,,7.50,USD,"48,536.86",USD,,,,,,,,,,,,,,,,,,,,
"Aug 06, 2026","PURCHASE AT YON VANNA ON Aug 06, 2026 01:31 PM ORIGINAL AMOUNT 1.74 USD REMARK: NONUNICODE-     REF# 100FT38558664367 PURCHASE# 178599787195144 APV 694634 ",0.00,,1.74,USD,"48,535.12",USD,,,,,,,,,,,,,,,,,,,,
"Aug 06, 2026","PURCHASE AT Grab ON Aug 06, 2026 06:54 PM PURCHASE# 41c7b64bcb398937851f APV 129870 ORIGINAL AMOUNT 2.18 USD REF# 100FT38562666751 ",0.00,,2.18,USD,"48,532.94",USD,,,,,,,,,,,,,,,,,,,,
"Aug 06, 2026","PURCHASE AT Grab ON Aug 06, 2026 09:17 PM PURCHASE# 4cce9bd29234ab5498eb APV 762544 ORIGINAL AMOUNT 2.36 USD REF# 100FT38564201240 ",0.00,,2.36,USD,"48,530.58",USD,,,,,,,,,,,,,,,,,,,,
"Aug 07, 2026","FUNDS TRANSFERRED TO LEMA JULIA KATHERINE AND PANDYA PURAV NARENDRABHAI 012767854 ORIGINAL AMOUNT 9.50 USD REF# 100FT38566785686 ON Aug 07, 2026 09:06 AM REMARK: NONUNICODE-      ",0.00,,9.50,USD,"48,521.08",USD,,,,,,,,,,,,,,,,,,,,
"Aug 07, 2026","PURCHASE AT VONG THARY ON Aug 07, 2026 11:50 AM ORIGINAL AMOUNT 2.23 USD REMARK: NONUNICODE-     REF# 100FT38568573399 PURCHASE# 178607824746485 APV 682462 ",0.00,,2.23,USD,"48,518.85",USD,,,,,,,,,,,,,,,,,,,,
"Aug 07, 2026","PURCHASE AT SUPER DUPER 05 ON Aug 07, 2026 05:32 PM ORIGINAL AMOUNT 9.46 USD REMARK: NONUNICODE-     REF# 100FT38572476284 PURCHASE# 178609872760032 APV 213918 ",0.00,,9.46,USD,"48,509.39",USD,,,,,,,,,,,,,,,,,,,,
"Aug 08, 2026","PURCHASE AT BOM SAMNANG ON Aug 08, 2026 04:28 PM BANK ACLEDA Bank Plc. ORIGINAL AMOUNT 15.00 USD  REF# 100FT38582633665 BAKONG# f1401e61 REMARK: NONUNICODE-    ",0.00,,15.00,USD,"48,494.39",USD,,,,,,,,,,,,,,,,,,,,
"Aug 09, 2026","PURCHASE AT SABAY CINEMA AEON SEN SOK ON Aug 09, 2026 12:52 PM ORIGINAL AMOUNT 6.00 USD REMARK: NONUNICODE-     REF# 100FT38591243461 PURCHASE# 178625476793997 APV 365256 ",0.00,,6.00,USD,"48,488.39",USD,,,,,,,,,,,,,,,,,,,,
"Aug 09, 2026","PURCHASE AT SABAY CINEMA AEON SENSOK1 ON Aug 09, 2026 12:57 PM ORIGINAL AMOUNT 5.25 USD REMARK: NONUNICODE-     REF# 100FT38591293401 PURCHASE# 178625504716033 APV 764002 ",0.00,,5.25,USD,"48,483.14",USD,,,,,,,,,,,,,,,,,,,,
"Aug 09, 2026","PURCHASE AT SUPER DUPER 05 ON Aug 09, 2026 04:50 PM ORIGINAL AMOUNT 7.67 USD REMARK: NONUNICODE-     REF# 100FT38593751228 PURCHASE# 178626905480187 APV 513467 ",0.00,,7.67,USD,"48,475.47",USD,,,,,,,,,,,,,,,,,,,,
"Aug 09, 2026","PURCHASE AT SUPER DUPER 05 ON Aug 09, 2026 06:03 PM ORIGINAL AMOUNT 2.32 USD REMARK: NONUNICODE-     REF# 100FT38594665555 PURCHASE# 178627339799551 APV 427408 ",0.00,,2.32,USD,"48,473.15",USD,,,,,,,,,,,,,,,,,,,,
"Aug 09, 2026","PURCHASE AT world.taobao.com,RUE D LUXEMBOURG-No:732379769-M060826 LUXEMBOURG BY ISLAS MARTIN ALEJANDRO CARD# 516717xxxxxx1686 Mastercard ON CAMBODIA TIME 06-AUG-26 ORIGINAL AMOUNT 42,789.93 KHR AUTHORIZATION CODE# APV-095005 RRN# 1561583363  @CYBS_TRN",0.00,,10.57,USD,"48,462.58",USD,,,,,,,,,,,,,,,,,,,,
"Aug 10, 2026","PURCHASE AT VONG THARY ON Aug 10, 2026 12:21 PM ORIGINAL AMOUNT 1.74 USD REMARK: NONUNICODE-     REF# 100FT38601352725 PURCHASE# 178633926656624 APV 865109 ",0.00,,1.74,USD,"48,460.84",USD,,,,,,,,,,,,,,,,,,,,
"Aug 10, 2026","PURCHASE AT YON VANNA ON Aug 10, 2026 12:31 PM ORIGINAL AMOUNT 1.74 USD REMARK: NONUNICODE-     REF# 100FT38601499228 PURCHASE# 178633989258949 APV 478727 ",0.00,,1.74,USD,"48,459.10",USD,,,,,,,,,,,,,,,,,,,,
"Aug 10, 2026","PURCHASE AT U CARE PHSAR TAPANG ON Aug 10, 2026 12:39 PM ORIGINAL AMOUNT 5.50 USD REMARK: NONUNICODE-     REF# 100FT38601607574 PURCHASE# 178634039778938 APV 928922 ",0.00,,5.50,USD,"48,453.60",USD,,,,,,,,,,,,,,,,,,,,
"Aug 10, 2026","PURCHASE AT CHHEANG PORCHOU ON Aug 10, 2026 05:19 PM ORIGINAL AMOUNT 5.75 USD REMARK: NONUNICODE-     REF# 100FT38604284284 PURCHASE# 178635715734010 APV 186083 ",0.00,,5.75,USD,"48,447.85",USD,,,,,,,,,,,,,,,,,,,,
"Aug 10, 2026","PURCHASE AT Grab ON Aug 10, 2026 05:51 PM PURCHASE# 41f6a7f70db139ec895a APV 866592 ORIGINAL AMOUNT 0.87 USD REF# 100FT38604691170 ",0.00,,0.87,USD,"48,446.98",USD,,,,,,,,,,,,,,,,,,,,
"Aug 10, 2026","PURCHASE AT Grab ON Aug 10, 2026 06:39 PM PURCHASE# 4fc8a14972d78742d679 APV 444627 ORIGINAL AMOUNT 11.08 USD REF# 100FT38605374328 ",0.00,,11.08,USD,"48,435.90",USD,,,,,,,,,,,,,,,,,,,,
"Aug 10, 2026","PURCHASE AT GITHUB, INC.,88 Colin SAN FRANCISCO-No:732722902-M070826 UNITED STATES BY ISLAS MARTIN ALEJANDRO CARD# 516717xxxxxx1686 Mastercard ON CAMBODIA TIME 06-AUG-26 ORIGINAL AMOUNT 10.00 USD AUTHORIZATION CODE# APV-086372 RRN# 1562236560  @CYBS_TRN",0.00,,10.00,USD,"48,425.90",USD,,,,,,,,,,,,,,,,,,,,
"Aug 10, 2026","FUNDS RECEIVED FROM HASAN JAHIDUL (002 483 951) ORIGINAL AMOUNT 4.00 USD REF# 100FT38608110483 ON Aug 10, 2026 10:19 PM REMARK: NONUNICODE-Refund  (curry King Indian Restaurant )    ",4.00,USD,0.00,,"48,429.90",USD,,,,,,,,,,,,,,,,,,,,
"Aug 11, 2026","PURCHASE AT VONG THARY ON Aug 11, 2026 11:01 AM ORIGINAL AMOUNT 2.98 USD REMARK: NONUNICODE-     REF# 100FT38612042378 PURCHASE# 178642088562939 APV 491890 ",0.00,,2.98,USD,"48,426.92",USD,,,,,,,,,,,,,,,,,,,,
"Aug 11, 2026","PURCHASE AT COMPAS TK RESTAURANT ON Aug 11, 2026 05:56 PM BANK PPCBank ORIGINAL AMOUNT 11.79 USD  REF# 100FT38617280798 BAKONG# 20748e43 REMARK: NONUNICODE-    ",0.00,,11.79,USD,"48,415.13",USD,,,,,,,,,,,,,,,,,,,,
"Aug 11, 2026","FUNDS TRANSFERRED TO MEIN ROBERT ALASTAIR AND MIDDLETON RICHARD WALDEMAR 011313334 ORIGINAL AMOUNT 5.00 USD REF# 100FT38619848684 ON Aug 11, 2026 09:14 PM REMARK: NONUNICODE-      ",0.00,,5.00,USD,"48,410.13",USD,,,,,,,,,,,,,,,,,,,,
"Aug 11, 2026","PURCHASE AT The Deck TTP by T.M ON Aug 11, 2026 09:56 PM ORIGINAL AMOUNT 4.50 USD REMARK: NONUNICODE-     REF# 100FT38620149500 PURCHASE# 178646018788453 APV 795930 ",0.00,,4.50,USD,"48,405.63",USD,,,,,,,,,,,,,,,,,,,,
"Aug 12, 2026","FUNDS TRANSFERRED TO WELLS BENJAMIN LEE 016537682 ORIGINAL AMOUNT 7.50 USD REF# 100FT38626492848 ON Aug 12, 2026 02:44 PM REMARK: NONUNICODE-      ",0.00,,7.50,USD,"48,398.13",USD,,,,,,,,,,,,,,,,,,,,
"Aug 12, 2026","PURCHASE AT GOOGLE *Google One,160 MOUNTAIN VIEW-No:734001775-M100826 UNITED STATES BY ISLAS MARTIN ALEJANDRO CARD# 516717xxxxxx1686 Mastercard ON CAMBODIA TIME 08-AUG-26 ORIGINAL AMOUNT 3.29 USD AUTHORIZATION CODE# APV-787914 RRN# 1563939834  @CYBS_TRN",0.00,,3.29,USD,"48,394.84",USD,,,,,,,,,,,,,,,,,,,,
"Aug 12, 2026","PURCHASE AT CALTEX INDRADEVI 2 ON Aug 12, 2026 05:26 PM ORIGINAL AMOUNT 4.21 USD REMARK: NONUNICODE-     REF# 100FT38628492153 PURCHASE# 178653040489550 APV 318294 ",0.00,,4.21,USD,"48,390.63",USD,,,,,,,,,,,,,,,,,,,,
"Aug 12, 2026","PURCHASE AT world.taobao.com,RUE D LUXEMBOURG-No:734591223-M110826 LUXEMBOURG BY ISLAS MARTIN ALEJANDRO CARD# 516717xxxxxx1686 Mastercard ON CAMBODIA TIME 11-AUG-26 ORIGINAL AMOUNT 17,806.03 KHR AUTHORIZATION CODE# APV-936040 RRN# 1566760120  @CYBS_TRN",0.00,,4.41,USD,"48,386.22",USD,,,,,,,,,,,,,,,,,,,,
"Aug 13, 2026","FUNDS TRANSFERRED TO WELLS BENJAMIN LEE 016537682 ORIGINAL AMOUNT 7.50 USD REF# 100FT38637068999 ON Aug 13, 2026 01:33 PM REMARK: NONUNICODE-      ",0.00,,7.50,USD,"48,378.72",USD,,,,,,,,,,,,,,,,,,,,
"Aug 13, 2026","PURCHASE AT THAI HUOT SUPERMARKET TK ON Aug 13, 2026 05:29 PM ORIGINAL AMOUNT 27.26 USD REMARK: NONUNICODE-     REF# 100FT38639805499 PURCHASE# 178661697311807 APV 107423 ",0.00,,27.26,USD,"48,351.46",USD,,,,,,,,,,,,,,,,,,,,
"Aug 13, 2026","PURCHASE AT AIRPAZ (USD),2A JLN ST KUALA LUMPUR-No:734876692-M120826 MALAYSIA BY ISLAS MARTIN ALEJANDRO CARD# 516717xxxxxx1686 Mastercard ON CAMBODIA TIME 11-AUG-26 ORIGINAL AMOUNT 191.14 USD AUTHORIZATION CODE# APV-527348 RRN# 1566488181  @CYBS_TRN",0.00,,191.14,USD,"48,160.32",USD,,,,,,,,,,,,,,,,,,,,
"Aug 13, 2026","PURCHASE AT CJR TLK ON Aug 13, 2026 06:17 PM ORIGINAL AMOUNT 4.70 USD REMARK: NONUNICODE-     REF# 100FT38640569963 PURCHASE# 178661986224610 APV 711591 ",0.00,,4.70,USD,"48,155.62",USD,,,,,,,,,,,,,,,,,,,,
"Aug 14, 2026","FUNDS TRANSFERRED TO SCHAAF JR ALBERT LAWRENCE AND POEUN SITHA 014388054 ORIGINAL AMOUNT 5.75 USD REF# 100FT38648168066 ON Aug 14, 2026 01:46 PM REMARK: NONUNICODE-      ",0.00,,5.75,USD,"48,149.87",USD,,,,,,,,,,,,,,,,,,,,
"Aug 14, 2026","PURCHASE AT YON VANNA ON Aug 14, 2026 02:04 PM ORIGINAL AMOUNT 1.74 USD REMARK: NONUNICODE-     REF# 100FT38648338475 PURCHASE# 178669104086247 APV 238628 ",0.00,,1.74,USD,"48,148.13",USD,,,,,,,,,,,,,,,,,,,,
"Aug 14, 2026","PURCHASE AT Grab ON Aug 14, 2026 07:01 PM PURCHASE# 44bc96e9540e75ef9ba9 APV 780052 ORIGINAL AMOUNT 2.56 USD REF# 100FT38652154802 ",0.00,,2.56,USD,"48,145.57",USD,,,,,,,,,,,,,,,,,,,,
"Aug 14, 2026","PURCHASE AT KANG BOPHA ON Aug 14, 2026 08:08 PM ORIGINAL AMOUNT 1.99 USD REMARK: NONUNICODE-     REF# 100FT38652954919 PURCHASE# 178671289765404 APV 407586 ",0.00,,1.99,USD,"48,143.58",USD,,,,,,,,,,,,,,,,,,,,
"Aug 14, 2026","PURCHASE AT THE BOX OFFICE ON Aug 14, 2026 10:30 PM ORIGINAL AMOUNT 12.50 USD REMARK: NONUNICODE-     REF# 100FT38654034874 PURCHASE# 178672141183725 APV 346150 ",0.00,,12.50,USD,"48,131.08",USD,,,,,,,,,,,,,,,,,,,,
"Aug 15, 2026","PURCHASE AT THE BOX OFFICE ON Aug 14, 2026 11:09 PM ORIGINAL AMOUNT 4.50 USD REMARK: NONUNICODE-     REF# 100FT38654181016 PURCHASE# 178672374426357 APV 496569 ",0.00,,4.50,USD,"48,126.58",USD,,,,,,,,,,,,,,,,,,,,
"Aug 15, 2026","PURCHASE AT Grab ON Aug 14, 2026 11:32 PM PURCHASE# 488a9f70ad0e888d2465 APV 648978 ORIGINAL AMOUNT 2.73 USD REF# 100FT38654250223 ",0.00,,2.73,USD,"48,123.85",USD,,,,,,,,,,,,,,,,,,,,
"Aug 15, 2026","PURCHASE AT foodpanda ON Aug 15, 2026 07:05 AM PURCHASE# nyss-2633-qp4e APV 847073 ORIGINAL AMOUNT 7.70 USD REF# 100FT38655073707 ",0.00,,7.70,USD,"48,116.15",USD,,,,,,,,,,,,,,,,,,,,
"Aug 15, 2026","PURCHASE AT SUPER DUPER 06 ON Aug 15, 2026 09:17 AM ORIGINAL AMOUNT 1.47 USD REMARK: NONUNICODE-     REF# 100FT38656271520 PURCHASE# 178676023499259 APV 957836 ",0.00,,1.47,USD,"48,114.68",USD,,,,,,,,,,,,,,,,,,,,
"Aug 15, 2026","PURCHASE AT HOMEWARE ON Aug 15, 2026 11:35 AM BANK ACLEDA Bank Plc. ORIGINAL AMOUNT 2.50 USD  REF# 100FT38657871504 BAKONG# fd1b2801 REMARK: NONUNICODE-    ",0.00,,2.50,USD,"48,112.18",USD,,,,,,,,,,,,,,,,,,,,
"Aug 15, 2026","PURCHASE AT Grab ON Aug 15, 2026 11:36 AM PURCHASE# 44148498e780bb9d029c APV 693072 ORIGINAL AMOUNT 0.87 USD REF# 100FT38657888910 ",0.00,,0.87,USD,"48,111.31",USD,,,,,,,,,,,,,,,,,,,,
"Aug 15, 2026","PURCHASE AT HEANG SUOSARAVORN ON Aug 15, 2026 11:54 AM ORIGINAL AMOUNT 27.00 USD REMARK: NONUNICODE-     REF# 100FT38658112311 PURCHASE# 178676967845294 APV 949187 ",0.00,,27.00,USD,"48,084.31",USD,,,,,,,,,,,,,,,,,,,,
"Aug 15, 2026","PURCHASE AT Grab ON Aug 15, 2026 11:56 AM PURCHASE# 4aa88e52c1c9c125fa01 APV 593089 ORIGINAL AMOUNT 0.95 USD REF# 100FT38658133411 ",0.00,,0.95,USD,"48,083.36",USD,,,,,,,,,,,,,,,,,,,,
"Aug 15, 2026","PURCHASE AT foodpanda ON Aug 15, 2026 04:55 PM PURCHASE# goxn-2633-w85c APV 938609 ORIGINAL AMOUNT 9.24 USD REF# 100FT38661427039 ",0.00,,9.24,USD,"48,074.12",USD,,,,,,,,,,,,,,,,,,,,
"Aug 16, 2026","PURCHASE AT CHHMA CATFE ON Aug 16, 2026 03:29 PM ORIGINAL AMOUNT 7.39 USD REMARK: NONUNICODE-     REF# 100FT38671234272 PURCHASE# 178686894176536 APV 931723 ",0.00,,7.39,USD,"48,066.73",USD,,,,,,,,,,,,,,,,,,,,
"Aug 16, 2026","PURCHASE AT SUPER DUPER 05 ON Aug 16, 2026 03:55 PM ORIGINAL AMOUNT 34.24 USD REMARK: NONUNICODE-     REF# 100FT38671534689 PURCHASE# 178687054060458 APV 885055 ",0.00,,34.24,USD,"48,032.49",USD,,,,,,,,,,,,,,,,,,,,
"Aug 17, 2026","PURCHASE AT Grab ON Aug 17, 2026 12:47 PM PURCHASE# 4293887834d4cab0386a APV 121217 ORIGINAL AMOUNT 0.87 USD REF# 100FT38680340597 ",0.00,,0.87,USD,"48,031.62",USD,,,,,,,,,,,,,,,,,,,,
"Aug 17, 2026","PURCHASE AT Grab ON Aug 17, 2026 12:59 PM PURCHASE# 42a08d077491aea5f241 APV 379289 ORIGINAL AMOUNT 0.25 USD REF# 100FT38680490383 ",0.00,,0.25,USD,"48,031.37",USD,,,,,,,,,,,,,,,,,,,,
"Aug 17, 2026","PURCHASE AT PHEARAK MOEUN ON Aug 17, 2026 01:00 PM BANK Wing Bank (Cambodia) Plc ORIGINAL AMOUNT 5,000.00 KHR  REF# 100FT38680500843 BAKONG# e692adee REMARK: NONUNICODE-    ",0.00,,1.24,USD,"48,030.13",USD,,,,,,,,,,,,,,,,,,,,
"Aug 17, 2026","PURCHASE AT Grab ON Aug 17, 2026 05:30 PM PURCHASE# 40ae9175f3e7fb116c70 APV 276920 ORIGINAL AMOUNT 0.90 USD REF# 100FT38683815960 ",0.00,,0.90,USD,"48,029.23",USD,,,,,,,,,,,,,,,,,,,,
"Aug 17, 2026","PURCHASE AT HEANG SUOSARAVORN ON Aug 17, 2026 07:23 PM ORIGINAL AMOUNT 25.00 USD REMARK: NONUNICODE-     REF# 100FT38685445030 PURCHASE# 178696939580006 APV 568413 ",0.00,,25.00,USD,"48,004.23",USD,,,,,,,,,,,,,,,,,,,,
"Aug 17, 2026","PURCHASE AT Grab ON Aug 17, 2026 07:25 PM PURCHASE# 4c1699ee62da1d689478 APV 681146 ORIGINAL AMOUNT 0.95 USD REF# 100FT38685475622 ",0.00,,0.95,USD,"48,003.28",USD,,,,,,,,,,,,,,,,,,,,
"Aug 18, 2026","PURCHASE AT Grab ON Aug 18, 2026 09:35 AM PURCHASE# 4fdf8f48acc44024cf43 APV 982513 ORIGINAL AMOUNT 2.29 USD REF# 100FT38689218838 ",0.00,,2.29,USD,"48,000.99",USD,,,,,,,,,,,,,,,,,,,,
"Aug 18, 2026","PURCHASE AT Grab ON Aug 18, 2026 11:56 AM PURCHASE# 401e8cab39f2ceeb2aaf APV 268028 ORIGINAL AMOUNT 2.53 USD REF# 100FT38690755617 ",0.00,,2.53,USD,"47,998.46",USD,,,,,,,,,,,,,,,,,,,,
"Aug 18, 2026","FUNDS TRANSFERRED TO SCHAAF JR ALBERT LAWRENCE AND POEUN SITHA 014388054 ORIGINAL AMOUNT 5.75 USD REF# 100FT38691910902 ON Aug 18, 2026 01:38 PM REMARK: NONUNICODE-      ",0.00,,5.75,USD,"47,992.71",USD,,,,,,,,,,,,,,,,,,,,
"Aug 18, 2026","PURCHASE AT YON VANNA ON Aug 18, 2026 01:57 PM ORIGINAL AMOUNT 1.74 USD REMARK: NONUNICODE-     REF# 100FT38692111275 PURCHASE# 178703624711208 APV 340801 ",0.00,,1.74,USD,"47,990.97",USD,,,,,,,,,,,,,,,,,,,,
"Aug 18, 2026","FUNDS TRANSFERRED TO MEIN ROBERT ALASTAIR AND MIDDLETON RICHARD WALDEMAR 011313334 ORIGINAL AMOUNT 6.00 USD REF# 100FT38697078530 ON Aug 18, 2026 09:13 PM REMARK: NONUNICODE-      ",0.00,,6.00,USD,"47,984.97",USD,,,,,,,,,,,,,,,,,,,,
"Aug 18, 2026","PURCHASE AT SIENG PHALLA ON Aug 18, 2026 09:17 PM BANK LOLC (Cambodia) Plc. ORIGINAL AMOUNT 1,000.00 KHR  REF# 100FT38697109277 BAKONG# 49682e4b REMARK: NONUNICODE-    ",0.00,,0.25,USD,"47,984.72",USD,,,,,,,,,,,,,,,,,,,,
"Aug 18, 2026","PURCHASE AT The Deck TTP by T.M ON Aug 18, 2026 09:30 PM ORIGINAL AMOUNT 3.00 USD REMARK: NONUNICODE-     REF# 100FT38697190420 PURCHASE# 178706342840093 APV 521236 ",0.00,,3.00,USD,"47,981.72",USD,,,,,,,,,,,,,,,,,,,,
"Aug 18, 2026","FUNDS TRANSFERRED TO HASENKAM DANIEL COLIN 013992628 ORIGINAL AMOUNT 5.00 USD REF# 100FT38697482529 ON Aug 18, 2026 10:28 PM REMARK: NONUNICODE-      ",0.00,,5.00,USD,"47,976.72",USD,,,,,,,,,,,,,,,,,,,,
"Aug 19, 2026","PURCHASE AT Sok Cheatta St130 ON Aug 19, 2026 10:28 AM BANK ACLEDA Bank Plc. ORIGINAL AMOUNT 25.00 USD  REF# 100FT38700285526 BAKONG# 6c5148b9 REMARK: NONUNICODE-    ",0.00,,25.00,USD,"47,951.72",USD,,,,,,,,,,,,,,,,,,,,
"Aug 19, 2026","PURCHASE AT VONG THARY ON Aug 19, 2026 12:25 PM ORIGINAL AMOUNT 1.99 USD REMARK: NONUNICODE-     REF# 100FT38701625169 PURCHASE# 178711712417955 APV 925891 ",0.00,,1.99,USD,"47,949.73",USD,,,,,,,,,,,,,,,,,,,,
"Aug 19, 2026","PURCHASE AT THAI HUOT SUPERMARKET TK ON Aug 19, 2026 05:36 PM ORIGINAL AMOUNT 19.58 USD REMARK: NONUNICODE-     REF# 100FT38705120755 PURCHASE# 178713580974856 APV 112943 ",0.00,,19.58,USD,"47,930.15",USD,,,,,,,,,,,,,,,,,,,,
"Aug 20, 2026","PURCHASE AT TIGER COFFEE ON Aug 20, 2026 09:14 AM BANK ACLEDA Bank Plc. ORIGINAL AMOUNT 14,000.00 KHR  REF# 100FT38710226242 BAKONG# f6fc6817 REMARK: NONUNICODE-    ",0.00,,3.48,USD,"47,926.67",USD,,,,,,,,,,,,,,,,,,,,
"Aug 20, 2026","PURCHASE AT RIVERSIDE PHNOM PENH ON Aug 20, 2026 01:04 PM BANK Sathapana Bank Plc ORIGINAL AMOUNT 7.50 USD  REF# 100FT38712717045 BAKONG# @BAKONG_TRN_HASH REMARK: NONUNICODE-    ",0.00,,7.50,USD,"47,919.17",USD,,,,,,,,,,,,,,,,,,,,
"Aug 20, 2026","PURCHASE AT Netflix.com,9 Straits Los Gatos-No:738058216-M190826 SINGAPORE BY ISLAS MARTIN ALEJANDRO CARD# 515683xxxxxx2199 Mastercard ON CAMBODIA TIME 18-AUG-26 ORIGINAL AMOUNT 7.99 USD AUTHORIZATION CODE# APV-520364 RRN# 1573565250  @CYBS_TRN",0.00,,7.99,USD,"47,911.18",USD,,,,,,,,,,,,,,,,,,,,
"Aug 20, 2026","FUNDS RECEIVED FROM PHEUN SOKSERAMUNY (016 075 590) ORIGINAL AMOUNT 1,250.00 USD REF# 100FT38717929027 ON Aug 20, 2026 08:21 PM REMARK: NONUNICODE-Salary 1-15 Aug 2026    ","1,250.00",USD,0.00,,"49,161.18",USD,,,,,,,,,,,,,,,,,,,,
"Aug 21, 2026","PURCHASE AT VONG THARY ON Aug 21, 2026 09:12 AM ORIGINAL AMOUNT 2.98 USD REMARK: NONUNICODE-     REF# 100FT38720936478 PURCHASE# 178727837145778 APV 656943 ",0.00,,2.98,USD,"49,158.20",USD,,,,,,,,,,,,,,,,,,,,
"Aug 21, 2026","PURCHASE AT CHEFS KEBAP by M.J ON Aug 21, 2026 02:25 PM ORIGINAL AMOUNT 2.50 USD REMARK: NONUNICODE-     REF# 100FT38724245556 PURCHASE# 178729715592561 APV 619726 ",0.00,,2.50,USD,"49,155.70",USD,,,,,,,,,,,,,,,,,,,,
"Aug 21, 2026","PURCHASE AT YON VANNA ON Aug 21, 2026 02:42 PM ORIGINAL AMOUNT 1.74 USD REMARK: NONUNICODE-     REF# 100FT38724419391 PURCHASE# 178729814918688 APV 393040 ",0.00,,1.74,USD,"49,153.96",USD,,,,,,,,,,,,,,,,,,,,
"Aug 21, 2026","PURCHASE AT Grab ON Aug 21, 2026 06:00 PM PURCHASE# 4e749cd6a0050dc32e7f APV 785227 ORIGINAL AMOUNT 2.66 USD REF# 100FT38726874249 ",0.00,,2.66,USD,"49,151.30",USD,,,,,,,,,,,,,,,,,,,,
"Aug 21, 2026","PURCHASE AT Noisy Chili by A.S ON Aug 21, 2026 07:11 PM ORIGINAL AMOUNT 4.50 USD REMARK: NONUNICODE-     REF# 100FT38727869576 PURCHASE# 178731428940096 APV 667116 ",0.00,,4.50,USD,"49,146.80",USD,,,,,,,,,,,,,,,,,,,,
"Aug 21, 2026","PURCHASE AT Noisy Chili by A.S ON Aug 21, 2026 08:43 PM ORIGINAL AMOUNT 4.50 USD REMARK: NONUNICODE-     REF# 100FT38728853608 PURCHASE# 178731978277632 APV 443047 ",0.00,,4.50,USD,"49,142.30",USD,,,,,,,,,,,,,,,,,,,,
"Aug 21, 2026","PURCHASE AT Noisy Chili by A.S ON Aug 21, 2026 09:33 PM ORIGINAL AMOUNT 10.50 USD REMARK: NONUNICODE-     REF# 100FT38729235462 PURCHASE# 178732281864745 APV 236973 ",0.00,,10.50,USD,"49,131.80",USD,,,,,,,,,,,,,,,,,,,,
"Aug 22, 2026","PURCHASE AT Grab ON Aug 21, 2026 10:58 PM PURCHASE# 48b7bfb65402d6ef6814 APV 331775 ORIGINAL AMOUNT 2.66 USD REF# 100FT38729625920 ",0.00,,2.66,USD,"49,129.14",USD,,,,,,,,,,,,,,,,,,,,
"Aug 22, 2026","PURCHASE AT Noisy Chili by A.S ON Aug 21, 2026 11:01 PM ORIGINAL AMOUNT 6.00 USD REMARK: NONUNICODE-     REF# 100FT38729636448 PURCHASE# 178732810597035 APV 307779 ",0.00,,6.00,USD,"49,123.14",USD,,,,,,,,,,,,,,,,,,,,
"Aug 22, 2026","PURCHASE AT LC CHROY CHONGVAR ON Aug 22, 2026 09:55 AM ORIGINAL AMOUNT 3.72 USD REMARK: NONUNICODE-     REF# 100FT38732105195 PURCHASE# 178736735947405 APV 454177 ",0.00,,3.72,USD,"49,119.42",USD,,,,,,,,,,,,,,,,,,,,
"Aug 22, 2026","PURCHASE AT LC CHROY CHONGVAR ON Aug 22, 2026 09:57 AM ORIGINAL AMOUNT 3.75 USD REMARK: NONUNICODE-     REF# 100FT38732122979 PURCHASE# 178736746394948 APV 363349 ",0.00,,3.75,USD,"49,115.67",USD,,,,,,,,,,,,,,,,,,,,
"Aug 22, 2026","FUNDS TRANSFERRED TO STRUGNELL ANDREW LUKE VALENTINE 000902371 ORIGINAL AMOUNT 50.00 USD REF# 100FT38734423183 ON Aug 22, 2026 01:27 PM REMARK: NONUNICODE-      ",0.00,,50.00,USD,"49,065.67",USD,,,,,,,,,,,,,,,,,,,,
"Aug 22, 2026","FUNDS TRANSFERRED TO KONG SOTHEA 004737070 ORIGINAL AMOUNT 100.00 USD REF# 100FT38734564771 ON Aug 22, 2026 01:42 PM REMARK: NONUNICODE-      ",0.00,,100.00,USD,"48,965.67",USD,,,,,,,,,,,,,,,,,,,,
"Aug 22, 2026","PURCHASE AT Grab ON Aug 22, 2026 04:33 PM PURCHASE# 48b99e1f115be991d050 APV 945413 ORIGINAL AMOUNT 2.29 USD REF# 100FT38736448171 ",0.00,,2.29,USD,"48,963.38",USD,,,,,,,,,,,,,,,,,,,,
"Aug 22, 2026","PURCHASE AT SUNNY ANIMAL HOSPITAL ON Aug 22, 2026 05:29 PM BANK PPCBank ORIGINAL AMOUNT 284.00 USD  REF# 100FT38737184941 BAKONG# 2d7ab4cf REMARK: NONUNICODE-    ",0.00,,284.00,USD,"48,679.38",USD,,,,,,,,,,,,,,,,,,,,
"Aug 22, 2026","PURCHASE AT Grab ON Aug 22, 2026 05:30 PM PURCHASE# 4b3881860a31d8c7a7ce APV 312983 ORIGINAL AMOUNT 2.53 USD REF# 100FT38737197255 ",0.00,,2.53,USD,"48,676.85",USD,,,,,,,,,,,,,,,,,,,,
"Aug 22, 2026","PURCHASE AT CHHEANG PORCHOU ON Aug 22, 2026 07:15 PM ORIGINAL AMOUNT 4.95 USD REMARK: NONUNICODE-     REF# 100FT38738656977 PURCHASE# 178740095329424 APV 276981 ",0.00,,4.95,USD,"48,671.90",USD,,,,,,,,,,,,,,,,,,,,
"Aug 22, 2026","PURCHASE AT SUPER DUPER 05 ON Aug 22, 2026 07:31 PM ORIGINAL AMOUNT 24.08 USD REMARK: NONUNICODE-     REF# 100FT38738855152 PURCHASE# 178740191429458 APV 429959 ",0.00,,24.08,USD,"48,647.82",USD,,,,,,,,,,,,,,,,,,,,
"Aug 23, 2026","PURCHASE AT CALTEX INDRADEVI 2 ON Aug 23, 2026 12:26 PM BANK KB PRASAC Bank Plc ORIGINAL AMOUNT 4.01 USD  REF# 100FT38744179440 BAKONG# 20306547 REMARK: NONUNICODE-    ",0.00,,4.01,USD,"48,643.81",USD,,,,,,,,,,,,,,,,,,,,
"Aug 23, 2026","PURCHASE AT RORS VANNAK ON Aug 23, 2026 12:41 PM ORIGINAL AMOUNT 0.50 USD REMARK: NONUNICODE-     REF# 100FT38744332948 PURCHASE# 178746370142229 APV 425908 ",0.00,,0.50,USD,"48,643.31",USD,,,,,,,,,,,,,,,,,,,,
"Aug 23, 2026","FUNDS TRANSFERRED TO TIN SOKKIM 009457162 ORIGINAL AMOUNT 0.25 USD REF# 100FT38745145844 ON Aug 23, 2026 02:03 PM REMARK: NONUNICODE-      ",0.00,,0.25,USD,"48,643.06",USD,,,,,,,,,,,,,,,,,,,,
"Aug 23, 2026","PURCHASE AT CHHEANG PORCHOU ON Aug 23, 2026 02:19 PM ORIGINAL AMOUNT 2.55 USD REMARK: NONUNICODE-     REF# 100FT38745311479 PURCHASE# 178746959484283 APV 102281 ",0.00,,2.55,USD,"48,640.51",USD,,,,,,,,,,,,,,,,,,,,
"Aug 24, 2026","PURCHASE AT VONG THARY ON Aug 24, 2026 10:38 AM ORIGINAL AMOUNT 1.99 USD REMARK: NONUNICODE-     REF# 100FT38753398610 PURCHASE# 178754272969384 APV 566399 ",0.00,,1.99,USD,"48,638.52",USD,,,,,,,,,,,,,,,,,,,,
"Aug 24, 2026","PURCHASE AT Spotify P45E768454,Reg Stockholm-No:738817709-M210826 SWEDEN BY ISLAS MARTIN ALEJANDRO CARD# 515683xxxxxx2199 Mastercard ON CAMBODIA TIME 21-AUG-26 ORIGINAL AMOUNT 3.29 USD AUTHORIZATION CODE# APV-011856 RRN# 1575963259  @CYBS_TRN",0.00,,3.29,USD,"48,635.23",USD,,,,,,,,,,,,,,,,,,,,
"Aug 24, 2026","PURCHASE AT MINI BIG C P KANDAL(SH03) ON Aug 24, 2026 03:39 PM BANK ACLEDA Bank Plc. ORIGINAL AMOUNT 5.20 USD  REF# 100FT38756702621 BAKONG# @BAKONG_TRN_HASH REMARK: NONUNICODE-    ",0.00,,5.20,USD,"48,630.03",USD,,,,,,,,,,,,,,,,,,,,
"Aug 24, 2026","PURCHASE AT YON VANNA ON Aug 24, 2026 03:40 PM ORIGINAL AMOUNT 1.74 USD REMARK: NONUNICODE-     REF# 100FT38756716440 PURCHASE# 178756085246057 APV 722560 ",0.00,,1.74,USD,"48,628.29",USD,,,,,,,,,,,,,,,,,,,,
"Aug 24, 2026","PURCHASE AT CHHMA CATFE ON Aug 24, 2026 04:13 PM BANK ACLEDA Bank Plc. ORIGINAL AMOUNT 5.30 USD  REF# 100FT38757111597 BAKONG# 5e170485 REMARK: NONUNICODE-    ",0.00,,5.30,USD,"48,622.99",USD,,,,,,,,,,,,,,,,,,,,
"Aug 24, 2026","PURCHASE AT Nov Soeya ON Aug 24, 2026 05:27 PM BANK ACLEDA Bank Plc. ORIGINAL AMOUNT 10,000.00 KHR  REF# 100FT38758164371 BAKONG# aeab2265 REMARK: NONUNICODE-    ",0.00,,2.48,USD,"48,620.51",USD,,,,,,,,,,,,,,,,,,,,
"Aug 24, 2026","PURCHASE AT Lang Vanna ON Aug 24, 2026 06:45 PM BANK ACLEDA Bank Plc. ORIGINAL AMOUNT 8,000.00 KHR  REF# 100FT38759327430 BAKONG# aa4791a4 REMARK: NONUNICODE-    ",0.00,,1.99,USD,"48,618.52",USD,,,,,,,,,,,,,,,,,,,,
"Aug 25, 2026","FUNDS TRANSFERRED TO SCHAAF JR ALBERT LAWRENCE AND POEUN SITHA 014388054 ORIGINAL AMOUNT 6.75 USD REF# 100FT38765801663 ON Aug 25, 2026 12:11 PM REMARK: NONUNICODE-      ",0.00,,6.75,USD,"48,611.77",USD,,,,,,,,,,,,,,,,,,,,
"Aug 25, 2026","PURCHASE AT YON VANNA ON Aug 25, 2026 12:28 PM ORIGINAL AMOUNT 1.74 USD REMARK: NONUNICODE-     REF# 100FT38766010157 PURCHASE# 178763573774534 APV 968215 ",0.00,,1.74,USD,"48,610.03",USD,,,,,,,,,,,,,,,,,,,,
"Aug 25, 2026","FUNDS TRANSFERRED TO MEIN ROBERT ALASTAIR AND MIDDLETON RICHARD WALDEMAR 011313334 ORIGINAL AMOUNT 6.00 USD REF# 100FT38773188780 ON Aug 25, 2026 09:07 PM REMARK: NONUNICODE-      ",0.00,,6.00,USD,"48,604.03",USD,,,,,,,,,,,,,,,,,,,,
"Aug 25, 2026","PURCHASE AT SIENG PHALLA ON Aug 25, 2026 09:09 PM BANK LOLC (Cambodia) Plc. ORIGINAL AMOUNT 1,000.00 KHR  REF# 100FT38773212049 BAKONG# 2d2f26b6 REMARK: NONUNICODE-    ",0.00,,0.25,USD,"48,603.78",USD,,,,,,,,,,,,,,,,,,,,
"Aug 25, 2026","PURCHASE AT The Deck TTP by T.M ON Aug 25, 2026 10:11 PM ORIGINAL AMOUNT 6.00 USD REMARK: NONUNICODE-     REF# 100FT38773644762 PURCHASE# 178767071641746 APV 360658 ",0.00,,6.00,USD,"48,597.78",USD,,,,,,,,,,,,,,,,,,,,
"Aug 26, 2026","PURCHASE AT VONG THARY ON Aug 26, 2026 12:28 PM ORIGINAL AMOUNT 1.99 USD REMARK: NONUNICODE-     REF# 100FT38778485494 PURCHASE# 178772208898877 APV 571257 ",0.00,,1.99,USD,"48,595.79",USD,,,,,,,,,,,,,,,,,,,,
"Aug 26, 2026","PURCHASE AT foodpanda ON Aug 26, 2026 05:53 PM PURCHASE# u2kj-2635-r3s3 APV 619259 ORIGINAL AMOUNT 8.67 USD REF# 100FT38782431427 ",0.00,,8.67,USD,"48,587.12",USD,,,,,,,,,,,,,,,,,,,,
"Aug 27, 2026","PURCHASE AT world.taobao.com,RUE D Luxembourg-No:739557701-M230826 LUXEMBOURG BY ISLAS MARTIN ALEJANDRO CARD# 516717xxxxxx1686 Mastercard ON CAMBODIA TIME 23-AUG-26 ORIGINAL AMOUNT 17,152.68 KHR AUTHORIZATION CODE# APV-690451 RRN# 1577819219  @CYBS_TRN",0.00,,4.25,USD,"48,582.87",USD,,,,,,,,,,,,,,,,,,,,
"Aug 27, 2026","PURCHASE AT VONG THARY ON Aug 27, 2026 02:31 PM ORIGINAL AMOUNT 1.49 USD REMARK: NONUNICODE-     REF# 100FT38790807402 PURCHASE# 178781587413119 APV 583253 ",0.00,,1.49,USD,"48,581.38",USD,,,,,,,,,,,,,,,,,,,,
"Aug 27, 2026","PURCHASE AT world.taobao.com,RUE D Luxembourg-No:740250709-M240826 LUXEMBOURG BY ISLAS MARTIN ALEJANDRO CARD# 516717xxxxxx1686 Mastercard ON CAMBODIA TIME 24-AUG-26 ORIGINAL AMOUNT 30,610.52 KHR AUTHORIZATION CODE# APV-813657 RRN# 1578430167  @CYBS_TRN",0.00,,7.58,USD,"48,573.80",USD,,,,,,,,,,,,,,,,,,,,
"Aug 27, 2026","PURCHASE AT world.taobao.com,RUE D Luxembourg-No:740250739-M240826 LUXEMBOURG BY ISLAS MARTIN ALEJANDRO CARD# 516717xxxxxx1686 Mastercard ON CAMBODIA TIME 24-AUG-26 ORIGINAL AMOUNT 17,154.36 KHR AUTHORIZATION CODE# APV-148275 RRN# 1578447036  @CYBS_TRN",0.00,,4.25,USD,"48,569.55",USD,,,,,,,,,,,,,,,,,,,,
"Aug 27, 2026","PURCHASE AT world.taobao.com,RUE D Luxembourg-No:740250745-M240826 LUXEMBOURG BY ISLAS MARTIN ALEJANDRO CARD# 516717xxxxxx1686 Mastercard ON CAMBODIA TIME 24-AUG-26 ORIGINAL AMOUNT 65,854.93 KHR AUTHORIZATION CODE# APV-270450 RRN# 1578435643  @CYBS_TRN",0.00,,16.31,USD,"48,553.24",USD,,,,,,,,,,,,,,,,,,,,
"Aug 27, 2026","PURCHASE AT SUPER DUPER 05 ON Aug 27, 2026 05:29 PM ORIGINAL AMOUNT 13.98 USD REMARK: NONUNICODE-     REF# 100FT38792843654 PURCHASE# 178782659477114 APV 950038 ",0.00,,13.98,USD,"48,539.26",USD,,,,,,,,,,,,,,,,,,,,
"Aug 27, 2026","PURCHASE AT JAVA Creative Cafe TK ON Aug 27, 2026 05:32 PM BANK Phillip Bank Plc ORIGINAL AMOUNT 2.16 USD  REF# 100FT38792883435 BAKONG# 04218b4b REMARK: NONUNICODE-    ",0.00,,2.16,USD,"48,537.10",USD,,,,,,,,,,,,,,,,,,,,
"Aug 28, 2026","PURCHASE AT VONG THARY ON Aug 28, 2026 10:28 AM ORIGINAL AMOUNT 1.99 USD REMARK: NONUNICODE-     REF# 100FT38798567084 PURCHASE# 178788773248393 APV 741496 ",0.00,,1.99,USD,"48,535.11",USD,,,,,,,,,,,,,,,,,,,,
"Aug 28, 2026","PURCHASE AT VONG THARY ON Aug 28, 2026 03:26 PM ORIGINAL AMOUNT 2.48 USD REMARK: NONUNICODE-     REF# 100FT38801755783 PURCHASE# 178790556711661 APV 413882 ",0.00,,2.48,USD,"48,532.63",USD,,,,,,,,,,,,,,,,,,,,
"Aug 28, 2026","PURCHASE AT YON VANNA ON Aug 28, 2026 03:41 PM ORIGINAL AMOUNT 1.74 USD REMARK: NONUNICODE-     REF# 100FT38801935130 PURCHASE# 178790648636938 APV 588216 ",0.00,,1.74,USD,"48,530.89",USD,,,,,,,,,,,,,,,,,,,,
"Aug 29, 2026","PURCHASE AT Grab ON Aug 29, 2026 09:34 AM PURCHASE# 4634b70e95753de6d9b9 APV 475254 ORIGINAL AMOUNT 2.29 USD REF# 100FT38808763351 ",0.00,,2.29,USD,"48,528.60",USD,,,,,,,,,,,,,,,,,,,,
"Aug 29, 2026","PURCHASE AT SUNNY ANIMAL HOSPITAL ON Aug 29, 2026 11:29 AM BANK PPCBank ORIGINAL AMOUNT 171.00 USD  REF# 100FT38810007389 BAKONG# d6f7a0eb REMARK: NONUNICODE-    ",0.00,,171.00,USD,"48,357.60",USD,,,,,,,,,,,,,,,,,,,,
"Aug 29, 2026","PURCHASE AT Grab ON Aug 29, 2026 11:31 AM PURCHASE# 4527996cdc11eeec0140 APV 588596 ORIGINAL AMOUNT 2.53 USD REF# 100FT38810027623 ",0.00,,2.53,USD,"48,355.07",USD,,,,,,,,,,,,,,,,,,,,
"Aug 29, 2026","PURCHASE AT foodpanda ON Aug 29, 2026 11:45 AM PURCHASE# uivj-2635-eqlh APV 592233 ORIGINAL AMOUNT 5.81 USD REF# 100FT38810200256 ",0.00,,5.81,USD,"48,349.26",USD,,,,,,,,,,,,,,,,,,,,
"Aug 29, 2026","PURCHASE AT Grab ON Aug 29, 2026 08:27 PM PURCHASE# 4ffa87f1ff4711f3ead0 APV 187474 ORIGINAL AMOUNT 2.41 USD REF# 100FT38816101621 ",0.00,,2.41,USD,"48,346.85",USD,,,,,,,,,,,,,,,,,,,,
"Aug 29, 2026","PURCHASE AT 3008 MAXVALU RK CR002PP ON Aug 29, 2026 10:05 PM ORIGINAL AMOUNT 2.10 USD REMARK: NONUNICODE-     REF# 100FT38816785018 PURCHASE# 178801594416814 APV 737960 ",0.00,,2.10,USD,"48,344.75",USD,,,,,,,,,,,,,,,,,,,,
"Aug 29, 2026","FUNDS TRANSFERRED TO RIVERA ROJAS MILAGRO BETHEL 000696625 ORIGINAL AMOUNT 12.00 USD REF# 100FT38816905922 ON Aug 29, 2026 10:32 PM REMARK: NONUNICODE-      ",0.00,,12.00,USD,"48,332.75",USD,,,,,,,,,,,,,,,,,,,,
"Aug 30, 2026","PURCHASE AT Grab ON Aug 29, 2026 10:51 PM PURCHASE# 427991d6fc4f92ec3b83 APV 781611 ORIGINAL AMOUNT 2.61 USD REF# 100FT38816981791 ",0.00,,2.61,USD,"48,330.14",USD,,,,,,,,,,,,,,,,,,,,
"Aug 30, 2026","PURCHASE AT Grab ON Aug 30, 2026 07:35 AM PURCHASE# 4fe9a14c4cf166992408 APV 110195 ORIGINAL AMOUNT 5.78 USD REF# 100FT38818032936 ",0.00,,5.78,USD,"48,324.36",USD,,,,,,,,,,,,,,,,,,,,
"Aug 30, 2026","PURCHASE AT CHHEANG PORCHOU ON Aug 30, 2026 10:11 AM ORIGINAL AMOUNT 4.45 USD REMARK: NONUNICODE-     REF# 100FT38819582831 PURCHASE# 178805950336185 APV 754670 ",0.00,,4.45,USD,"48,319.91",USD,,,,,,,,,,,,,,,,,,,,
"Aug 30, 2026","PURCHASE AT JUSU HEALTHY BAR ON Aug 30, 2026 10:16 AM ORIGINAL AMOUNT 2.00 USD REMARK: NONUNICODE-     REF# 100FT38819633643 PURCHASE# 178805977015328 APV 150605 ",0.00,,2.00,USD,"48,317.91",USD,,,,,,,,,,,,,,,,,,,,
"Aug 30, 2026","PURCHASE AT SUPER DUPER 05 ON Aug 30, 2026 10:29 AM ORIGINAL AMOUNT 24.42 USD REMARK: NONUNICODE-     REF# 100FT38819780653 PURCHASE# 178806055297311 APV 447473 ",0.00,,24.42,USD,"48,293.49",USD,,,,,,,,,,,,,,,,,,,,
"Aug 30, 2026","PURCHASE AT CMRT Toul Kork ON Aug 30, 2026 01:53 PM BANK Chip Mong Commercial Bank Plc. ORIGINAL AMOUNT 2.70 USD  REF# 100FT38821978443 BAKONG# 3a751a09 REMARK: NONUNICODE-    ",0.00,,2.70,USD,"48,290.79",USD,,,,,,,,,,,,,,,,,,,,
"Aug 31, 2026","PURCHASE AT VONG THARY ON Aug 31, 2026 10:07 AM ORIGINAL AMOUNT 2.23 USD REMARK: NONUNICODE-     REF# 100FT38830093547 PURCHASE# 178814565574224 APV 892634 ",0.00,,2.23,USD,"48,288.56",USD,,,,,,,,,,,,,,,,,,,,
"Aug 31, 2026","FUNDS TRANSFERRED TO SCHAAF JR ALBERT LAWRENCE AND POEUN SITHA 014388054 ORIGINAL AMOUNT 5.75 USD REF# 100FT38832992278 ON Aug 31, 2026 02:09 PM REMARK: NONUNICODE-      ",0.00,,5.75,USD,"48,282.81",USD,,,,,,,,,,,,,,,,,,,,
"Aug 31, 2026","PURCHASE AT YON VANNA ON Aug 31, 2026 03:51 PM ORIGINAL AMOUNT 1.75 USD REMARK: NONUNICODE-     REF# 100FT38834222469 PURCHASE# 178816629288904 APV 944008 ",0.00,,1.75,USD,"48,281.06",USD,,,,,,,,,,,,,,,,,,,,
"Aug 31, 2026","PURCHASE AT MINI BIG C P KANDAL(SH03) ON Aug 31, 2026 03:53 PM BANK ACLEDA Bank Plc. ORIGINAL AMOUNT 5.40 USD  REF# 100FT38834254818 BAKONG# 355a2c0e REMARK: NONUNICODE-    ",0.00,,5.40,USD,"48,275.66",USD,,,,,,,,,,,,,,,,,,,,
"Aug 31, 2026","PURCHASE AT Thai Huot Super Market-TK ON Aug 31, 2026 05:39 PM BANK Maybank Cambodia PLC ORIGINAL AMOUNT 17.60 USD  REF# 100FT38835817404 BAKONG# 449de49b REMARK: NONUNICODE-    ",0.00,,17.60,USD,"48,258.06",USD,,,,,,,,,,,,,,,,,,,,
,,,,,,,,,,,,,,,,,,,,,,,,,,,
,,,,,,,,,,,,,,,,,,,,,,,,,,,
,,,,,,,,,,,,,,,,,,,,,,,,,,,
,,,,,,,,,,,,,,,,,,,,,,,,,,,
,,,,,,,,,,,,,,,,,,,,,,,,,,,
,,,,,,,,,,,,,,,,,,,,,,,,,,,
,,,,,,,,,,,,,,,,,,,,,,,,,,,
,,,,,,,,,,,,,,,,,,,,,,,,,,,
,,,,,,,,,,,,,,,,,,,,,,,,,,,
,,,,,,,,,,,,,,,,,,,,,,,,,,,
,,,,,,,,,,,,,,,,,,,,,,,,,,,
,,,,,,,,,,,,,,,,,,,,,,,,,,,
,,,,,,,,,,,,,,,,,,,,,,,,,,,
,,,,,,,,,,,,,,,,,,,,,,,,,,,
,,,,,,,,,,,,,,,,,,,,,,,,,,,
,,,,,,,,,,,,,,,,,,,,,,,,,,,
,,,,,,,,,,,,,,,,,,,,,,,,,,,
,,,,,,,,,,,,,,,,,,,,,,,,,,,
,,,,,,,,,,,,,,,,,,,,,,,,,,,
,,,,,,,,,,,,,,,,,,,,,,,,,,,
,,,,,,,,,,,,,,,,,,,,,,,,,,,
,,,,,,,,,,,,,,,,,,,,,,,,,,,
,,,,,,,,,,,,,,,,,,,,,,,,,,,
,,,,,,,,,,,,,,,,,,,,,,,,,,,
,,,,,,,,,,,,,,,,,,,,,,,,,,,
,,,,,,,,,,,,,,,,,,,,,,,,,,,
,,,,,,,,,,,,,,,,,,,,,,,,,,,
,,,,,,,,,,,,,,,,,,,,,,,,,,,
,,,,,,,,,,,,,,,,,,,,,,,,,,,
,,,,,,,,,,,,,,,,,,,,,,,,,,,
,,,,,,,,,,,,,,,,,,,,,,,,,,,
,,,,,,,,,,,,,,,,,,,,,,,,,,,
,,,,,,,,,,,,,,,,,,,,,,,,,,,
,,,,,,,,,,,,,,,,,,,,,,,,,,,
,,,,,,,,,,,,,,,,,,,,,,,,,,,
,,,,,,,,,,,,,,,,,,,,,,,,,,,
,,,,,,,,,,,,,,,,,,,,,,,,,,,
,,,,,,,,,,,,,,,,,,,,,,,,,,,
,,,,,,,,,,,,,,,,,,,,,,,,,,,
,,,,,,,,,,,,,,,,,,,,,,,,,,,
,,,,,,,,,,,,,,,,,,,,,,,,,,,
,,,,,,,,,,,,,,,,,,,,,,,,,,,
,,,,,,,,,,,,,,,,,,,,,,,,,,,
,,,,,,,,,,,,,,,,,,,,,,,,,,,
,,,,,,,,,,,,,,,,,,,,,,,,,,,
,,,,,,,,,,,,,,,,,,,,,,,,,,,
,,,,,,,,,,,,,,,,,,,,,,,,,,,
,,,,,,,,,,,,,,,,,,,,,,,,,,,
,,,,,,,,,,,,,,,,,,,,,,,,,,,
,,,,,,,,,,,,,,,,,,,,,,,,,,,
,,,,,,,,,,,,,,,,,,,,,,,,,,,
,,,,,,,,,,,,,,,,,,,,,,,,,,,
,,,,,,,,,,,,,,,,,,,,,,,,,,,
,,,,,,,,,,,,,,,,,,,,,,,,,,,
,,,,,,,,,,,,,,,,,,,,,,,,,,,
,,,,,,,,,,,,,,,,,,,,,,,,,,,
,,,,,,,,,,,,,,,,,,,,,,,,,,,
,,,,,,,,,,,,,,,,,,,,,,,,,,,
,,,,,,,,,,,,,,,,,,,,,,,,,,,
,,,,,,,,,,,,,,,,,,,,,,,,,,,
,,,,,,,,,,,,,,,,,,,,,,,,,,,
